买入广度,卖出广度,综合分阈值,风险分阈值,累计收益,年化收益,最大回撤,交易次数,交易胜率,日胜率,相对胜率,profit_factor,最长连续亏损,持仓占比,组合数
0.7,0.35,"54,56,58,60",45.0,0.5244214715074889,0.42497829085264693,-0.09939097285261744,88.0,0.5454545454545454,0.538860103626943,0.49,2.2123678781445424,8.0,0.6433333333333333,4
0.7,0.35,"62,65",45.0,0.5053173462761129,0.40996254374874863,-0.09939097285261755,87.0,0.5402298850574713,0.533678756476684,0.4866666666666667,2.1492355874258138,8.0,0.6433333333333333,2
0.7,0.35,"54,56,58,60,62,65",50.0,0.45888912077956134,0.373342056838583,-0.10103433946916751,89.0,0.550561797752809,0.5440414507772021,0.49333333333333335,1.9426693624312763,8.0,0.6433333333333333,6
0.7,"0.4,0.45","54,56,58,60",45.0,0.43927056370723183,0.3578120304567858,-0.08435366997832727,88.0,0.5227272727272727,0.5054347826086957,0.48,2.0268006998386667,8.0,0.6133333333333333,8
0.6,0.45,"54,56,58,60",45.0,0.42190983370827584,0.344041035341508,-0.08673881188662902,112.0,0.5267857142857143,0.5137614678899083,0.5,1.6951481456691488,7.0,0.7266666666666667,4
0.7,"0.4,0.45","62,65",45.0,0.4212335538613232,0.34350404963009584,-0.08435366997832705,87.0,0.5172413793103449,0.5,0.4766666666666667,1.9695629529276415,8.0,0.6133333333333333,4
0.6,0.45,"62,65",45.0,0.40409038938883435,0.3298781667465944,-0.08673881188662946,111.0,0.5225225225225225,0.5091743119266054,0.49666666666666665,1.6605453110264206,7.0,0.7266666666666667,2
0.65,0.45,"54,56,58,60",45.0,0.40134564094823344,0.32769409658325177,-0.09560497795023237,98.0,0.5102040816326531,0.5048543689320388,0.48333333333333334,1.7978558408850698,8.0,0.6866666666666666,4
0.7,0.5,"54,56,58,60",45.0,0.3893107138541472,0.3181094791836394,-0.08249929109362508,89.0,0.5168539325842697,0.5111111111111111,0.4766666666666667,1.9069462314639503,8.0,0.6,4
0.7,"0.4,0.45","54,56,58,60,62,65",50.0,0.3847968531044057,0.3145112191042201,-0.11143796630657654,89.0,0.5280898876404494,0.5054347826086957,0.4866666666666667,1.8007437175110685,7.0,0.6133333333333333,12
0.65,0.45,"62,65",45.0,0.3837839081089256,0.3137034842956046,-0.09560497795023293,97.0,0.5051546391752577,0.5,0.48,1.7545931642433494,8.0,0.6866666666666666,2
0.6,0.5,"54,56,58,60",45.0,0.38154563973476296,0.3119183259299738,-0.1079270417293745,113.0,0.5309734513274337,0.5233644859813084,0.49666666666666665,1.6323760363610351,7.0,0.7133333333333334,4
0.6,0.45,"54,56,58,60,62,65",50.0,0.37579910634151514,0.307332986313974,-0.09009234770458474,112.0,0.5267857142857143,0.5045871559633027,0.5033333333333333,1.5913086907381297,7.0,0.7266666666666667,6
0.7,0.5,"62,65",45.0,0.3718998033160552,0.30421986505988263,-0.08249929109362542,88.0,0.5113636363636364,0.5055555555555555,0.47333333333333333,1.853864552324542,8.0,0.6,2
0.6,0.35,"54,56,58,60",45.0,0.3705874243035312,0.30317177107912197,-0.12928705291613796,112.0,0.5357142857142857,0.5265486725663717,0.5033333333333333,1.5559915713626997,9.0,0.7533333333333333,4
0.6,0.45,"54,56,58,60,62,65",55.0,0.36556715256561434,0.29916099094367676,-0.09082748106660254,112.0,0.5446428571428571,0.5229357798165137,0.5066666666666667,1.554373390359088,5.0,0.7266666666666667,6
0.55,0.45,"54,56,58,60",45.0,0.36477199247742464,0.29852550784518206,-0.0867388118866298,122.0,0.5409836065573771,0.5114155251141552,0.49666666666666665,1.5678098163129046,7.0,0.73,4
0.6,0.5,"62,65",45.0,0.36423204148935406,0.29809395125030913,-0.10792704172937495,112.0,0.5267857142857143,0.5186915887850467,0.49333333333333335,1.5992073790953765,7.0,0.7133333333333334,2
0.65,0.45,"54,56,58,60,62,65",50.0,0.3559017841968912,0.2914325102853581,-0.11143796630657654,99.0,0.5050505050505051,0.5,0.4866666666666667,1.6656820632382139,7.0,0.6866666666666666,6
0.6,0.35,"62,65",45.0,0.35341115495555986,0.28943956345667843,-0.12928705291613762,111.0,0.5315315315315315,0.5221238938053098,0.5,1.5274737469933068,9.0,0.7533333333333333,2
