date,execution_trade_date,动作前持仓,持有板块,信号板块,动作,trade_id,closed_trade_return,strategy_ret,overnight_ret,execution_intraday_ret,benchmark_ret,综合博弈得分,逃顶风险分,入场共振分,市场广度,direction_hit,relative_hit,is_holding,strategy_nav,benchmark_nav,hs300_ret,hs300_nav
2025-07-09,,空仓,空仓,,空仓,,,0.0,0.0,0.0,0.00427631435092942,0.0,0.0,0.0,0.5483870967741935,False,False,False,1.0,1.0042763143509295,0.004665780260864727,1.0046657802608647
2025-07-10,,空仓,空仓,,空仓,,,0.0,0.0,0.0,0.0028740496632880985,0.0,0.0,0.0,0.5806451612903226,False,False,False,1.0,1.007162654354038,0.0011927609408319828,1.0058641063621503
2025-07-11,,空仓,空仓,,空仓,,,0.0,0.0,0.0,0.0016559659923267149,0.0,0.0,0.0,0.6129032258064516,False,False,False,1.0,1.0088304814583897,0.0007126120879532571,1.0065808972831822
2025-07-14,,空仓,空仓,,空仓,,,0.0,0.0,0.0,-0.005589224905472803,0.0,0.0,0.0,0.6774193548387096,False,True,False,1.0,1.0031919010060224,0.00034746524575934856,1.0069306491620333
2025-07-15,,空仓,空仓,,空仓,,,0.0,0.0,0.0,0.0012028469895639696,0.0,0.0,0.0,0.1935483870967742,False,False,False,1.0,1.0043985873641024,-0.0029514334683390375,1.0039587603438003
2025-07-16,,空仓,空仓,,空仓,,,0.0,0.0,0.0,0.007163800572655604,0.0,0.0,0.0,0.45161290322580644,False,False,False,1.0,1.0115938985394357,0.006809988615246398,1.0107957080719185
2025-07-17,2025-07-18,空仓,医药生物,医药生物,买入,1.0,,0.007557220579666124,0.0,0.007557220579666124,0.003798056162955602,100.0,31.2,98.4,0.8064516129032258,True,True,True,1.0075572205796661,1.0154359889801916,0.005963081835848483,1.0168231655984759
2025-07-18,2025-07-21,医药生物,医药生物,医药生物,持有,1.0,,0.0018775094320804264,-0.0027978571929035967,0.004688484334603338,0.01243003514371931,95.1,5.9,82.6,0.7096774193548387,True,False,True,1.0094489187646651,1.0280578940094127,0.0066669147025189,1.0236022389110662
2025-07-21,2025-07-22,医药生物,基础化工,基础化工,换仓,1.0,0.006311643216868168,0.0075054231549283035,-0.0031079091665542347,0.010646420429125225,0.010402163224526301,86.3,39.6,35.3,0.8709677419354839,True,False,True,1.0170252600532788,1.0387519200271615,0.008163046518911754,1.0319579516041595
2025-07-22,2025-07-23,基础化工,电力设备,电力设备,换仓,2.0,0.013764798229704667,-0.014115255243267621,0.003085527972537916,-0.017147872974074496,-0.0037302533863675337,83.1,6.0,40.9,0.7096774193548387,False,False,True,1.002669688918776,1.0348771121598843,0.0001968944570447384,1.0321611384047336
2025-07-23,2025-07-24,电力设备,空仓,电力设备,卖出,3.0,-0.018536370001149383,-0.0014127222080461133,-0.0014127222080461133,0.0,0.012182366881957486,43.5,0.7,22.2,0.25806451612903225,False,False,True,1.001253195181906,1.0474843648179566,0.007104281817498226,1.0394939020130305
2025-07-24,2025-07-25,空仓,医药生物,医药生物,买入,4.0,,-0.002187321211782889,0.0,-0.002187321211782889,-0.0038271495280025676,83.4,0.0,76.7,0.9032258064516129,False,True,True,0.9990631328297191,1.0434754855255535,-0.005272066747294857,1.0340136207782118
2025-07-25,2025-07-28,医药生物,空仓,医药生物,卖出,4.0,0.002801306113336066,0.004999562975264382,0.004999562975264382,0.0,-0.00028755177218266247,41.9,36.2,77.5,0.2903225806451613,True,True,True,1.0040580118785662,1.0431754323004614,0.002098535967442361,1.0361835355522402
2025-07-28,,空仓,空仓,,空仓,,,0.0,0.0,0.0,0.002452075250629436,0.0,0.0,0.0,0.4838709677419355,False,False,False,1.0040580118785662,1.04573337696007,0.003917236323159656,1.0402425113351654
2025-07-29,,空仓,空仓,,空仓,,,0.0,0.0,0.0,-0.0012004692379465206,0.0,0.0,0.0,0.5161290322580645,False,True,False,1.0040580118785662,1.0444780062099357,-0.0001895460651126779,1.0400453374603789
2025-07-30,,空仓,空仓,,空仓,,,0.0,0.0,0.0,-0.015794541922046757,0.0,0.0,0.0,0.45161290322580644,False,True,False,1.0040580118785662,1.0279809545541971,-0.018222756681496644,1.0210928443381133
2025-07-31,,空仓,空仓,,空仓,,,0.0,0.0,0.0,-0.0012692962099827107,0.0,0.0,0.0,0.06451612903225806,False,True,False,1.0040580118785662,1.026676142224647,-0.005069694186927709,1.015916215880859
2025-08-01,,空仓,空仓,,空仓,,,0.0,0.0,0.0,0.005945283354858849,0.0,0.0,0.0,0.45161290322580644,False,False,False,1.0040580118785662,1.032780022803846,0.003889833829148648,1.019867961144973
2025-08-04,2025-08-05,空仓,电子,电子,买入,5.0,,0.002159152248643492,0.0,0.002159152248643492,0.008298182432270347,87.8,28.6,63.4,0.8387096774193549,True,False,True,1.0062259259926825,1.0413502198454765,0.008044804065488353,1.0280725990650534
2025-08-05,2025-08-06,电子,基础化工,基础化工,换仓,5.0,-0.00044035341913128967,0.005655357992952359,-0.002593905031892385,0.008270716477934315,0.0056009109272280744,81.6,31.2,63.4,1.0,True,True,True,1.011916493825961,1.0471827296708804,0.002445503173913899,1.030586753869081
2025-08-06,2025-08-07,基础化工,电子,电子,换仓,6.0,0.008752248915229188,0.0005035642985142808,0.0004775824879423851,2.5969408037340713e-05,0.000985790533255136,93.1,22.0,77.6,0.7741935483870968,True,False,True,1.0124260588453295,1.0482150324923782,0.000287104486584866,1.0308826399499318
2025-08-07,2025-08-08,电子,电子,电子,持有,7.0,,-0.011544100902513565,-0.005013963188321369,-0.006563044578110189,0.000627773091187065,66.8,52.2,100.0,0.5806451612903226,False,False,True,1.000738510265685,1.0488730736835548,-0.00235717795830781,1.0284526661134397
2025-08-08,2025-08-11,电子,电子,电子,持有,7.0,,0.017588107262596964,0.0006648842111220965,0.016911978543962203,0.007905306488628897,47.2,18.0,67.5,0.5483870967741935,True,True,True,1.0183396065260493,1.0571647367986936,0.004273846780984192,1.0328481152299032
2025-08-11,2025-08-12,电子,电子,电子,持有,7.0,,0.018775594507532745,0.0003177591623866327,0.018451972061959365,0.0020351666797543268,93.0,24.9,69.0,0.7741935483870968,True,True,True,1.0374595380491427,1.0593162432460375,0.005170149939925928,1.0381880948508118
2025-08-12,2025-08-13,电子,电子,电子,持有,7.0,,0.020059261569651765,0.0006686420523216441,0.019377662797108286,0.006595181735361977,92.0,0.0,67.0,0.5806451612903226,True,True,True,1.0582702102908006,1.066302626385466,0.007904050001868335,1.046393985463857
2025-08-13,2025-08-14,电子,电子,电子,持有,7.0,,-0.008349418082442939,0.0007930896095706963,-0.009135262610156847,-0.010980628028061986,100.0,0.0,68.8,0.7096774193548387,False,True,True,1.0494342698608878,1.0545939538797817,-0.0007817404585763743,1.045575976949809
2025-08-14,2025-08-15,电子,空仓,电子,卖出,7.0,0.03254965650463704,-0.003888988458299436,-0.003888988458299436,0.0,0.012750366105715658,58.3,60.6,59.1,0.03225806451612903,False,False,True,1.045353032097655,1.068040412884623,0.006958500356669228,1.052851617758339
2025-08-15,2025-08-18,空仓,电子,电子,买入,8.0,,0.015579151446194484,0.0,0.015579151446194484,0.01187251986409896,97.7,15.5,60.8,0.967741935483871,True,True,True,1.061638745299443,1.0807207439022561,0.00881886885727834,1.062136578101523
2025-08-18,2025-08-19,电子,电子,电子,持有,8.0,,-0.0020306139935470924,-0.0009360725124517577,-0.0010955670112601235,0.0018035372231525145,98.3,22.8,58.8,0.9354838709677419,False,False,True,1.0594829668071462,1.0826698639917167,-0.003783306792944363,1.058118189570557
2025-08-19,2025-08-20,电子,电子,电子,持有,8.0,,0.02319277831426292,-0.00766445528083004,0.0310955641559989,0.00897805725030503,57.0,56.5,38.9,0.5806451612903226,True,True,True,1.084055320384042,1.0923901360138144,0.01137052981786324,1.0701495539958925
2025-08-20,2025-08-21,电子,电子,电子,持有,8.0,,-0.006756269038097895,0.0028638351932321893,-0.009592632512744337,0.0013369910810461776,94.6,21.3,43.0,0.967741935483871,False,False,True,1.076731150987346,1.0938506518826876,0.0039038759222971287,1.0743272850729941
2025-08-21,2025-08-22,电子,电子,电子,持有,8.0,,0.0481806223746748,0.0011082687751631237,0.047020242532911816,0.010343881628339418,55.0,75.4,41.1,0.5483870967741935,True,True,True,1.1286087279721164,1.105165313544844,0.020971434474610584,1.0968574693361888
2025-08-22,2025-08-25,电子,汽车,汽车,换仓,8.0,0.0995699592789987,0.022199653304013633,0.01845640782975999,0.0036754105973275664,0.017252285341699473,75.8,31.0,39.7,0.7741935483870968,True,True,True,1.1536634504489813,1.1242319408838684,0.02083692135057591,1.1197126021575388
2025-08-25,2025-08-26,汽车,有色金属,有色金属,换仓,9.0,0.0015321652646269612,-0.0006881548150874384,-0.00213539687240627,0.0014503391069116134,0.0022628279926311615,90.7,17.6,7.1,1.0,False,False,True,1.1528695513905645,1.1267758843899103,-0.003721229332755538,1.115545894778134
2025-08-26,2025-08-27,有色金属,有色金属,有色金属,持有,10.0,,-0.011041819691885224,0.0026916435828623353,-0.013696596917547432,-0.020896184782584173,52.1,85.5,0.0,0.5483870967741935,False,True,True,1.1401397736758452,1.103230567301139,-0.014927039110707807,1.0988940975769912
2025-08-27,2025-08-28,有色金属,空仓,有色金属,卖出,10.0,-0.013349530122181097,-0.00377833549353801,-0.00377833549353801,0.0,0.009071350925620305,56.4,91.2,0.0,0.03225806451612903,False,False,True,1.1358319431013713,1.113238358928999,0.017704685705402845,1.118349672198114
2025-08-28,2025-08-29,空仓,电力设备,电力设备,买入,11.0,,0.029787119756429226,0.0,0.029787119756429226,0.002884986382769472,85.6,0.0,31.4,0.7096774193548387,True,True,True,1.1696651052137095,1.1164500364352858,0.007387681566660698,1.1266116834564932
2025-08-29,2025-09-01,电力设备,电力设备,电力设备,持有,11.0,,0.006323306612798785,0.003379780118689446,0.002933611532176972,0.007486758170807344,83.3,7.2,28.5,0.5483870967741935,True,False,True,1.1770612563082674,1.124808627867866,0.0059936500930990455,1.1333641996779287
2025-09-01,2025-09-02,电力设备,有色金属,有色金属,换仓,11.0,0.03676145644366202,-0.01786740759449168,0.00044647064367175915,-0.018305705278145012,-0.011073781083595172,94.6,33.9,35.3,0.7741935483870968,False,False,True,1.1560302230781232,1.1123527433619183,-0.007351928538536834,1.1250317870737605
2025-09-02,2025-09-03,有色金属,空仓,有色金属,卖出,12.0,-0.003803219650516554,0.014772914241838908,0.014772914241838908,0.0,-0.013062292484571964,59.8,67.6,22.5,0.22580645161290322,True,True,True,1.1731081584246301,1.0978228664821088,-0.006819579227528738,1.1173595436683228
2025-09-03,,空仓,空仓,,空仓,,,0.0,0.0,0.0,-0.012612188566637459,0.0,0.0,0.0,0.0967741935483871,False,True,False,1.1731081584246301,1.08397691747727,-0.02121627954450711,1.0936533312381327
2025-09-04,,空仓,空仓,,空仓,,,0.0,0.0,0.0,0.01976373916807679,0.0,0.0,0.0,0.3548387096774194,False,False,False,1.1731081584246301,1.1054003545385065,0.021789563798429334,1.1174835602725108
2025-09-05,2025-09-08,空仓,汽车,汽车,买入,13.0,,0.010187188459763075,0.0,0.010187188459763075,0.008740243680747752,80.3,30.7,44.8,0.967741935483871,True,True,True,1.1850588323181874,1.115061823001958,0.0016249936941812315,1.1192994640113048
2025-09-08,2025-09-09,汽车,交通运输,交通运输,换仓,13.0,0.007126261310860693,-0.006085453858191148,-0.0030300593631259476,-0.0030646806593921383,-0.004584235570509462,80.1,0.0,100.0,0.8709677419354839,False,False,True,1.1778472114748733,1.1099501169296353,-0.007009398615533291,1.1114538478978968
2025-09-09,2025-09-10,交通运输,交通运输,交通运输,持有,14.0,,-0.00024362478239892127,-0.0014218828209092704,0.0011799357689099566,0.0011325922543495238,52.0,0.0,100.0,0.3870967741935484,False,False,True,1.1775602587042786,1.1112072378347841,0.0020528562583594923,1.1137355028854317
2025-09-10,2025-09-11,交通运输,交通运输,交通运输,持有,14.0,,0.0023969659108027397,-0.0022640472835864234,0.004671589894800432,0.01582961364206483,44.8,0.0,100.0,0.41935483870967744,True,False,True,1.1803828305023087,1.1287972190859747,0.023095966247760558,1.1394583004690062
2025-09-11,2025-09-12,交通运输,电子,电子,换仓,14.0,0.0019562731010238643,0.015637470023964983,0.002877437091976409,0.012723422085343383,-0.0029360129853184223,100.0,26.7,0.0,1.0,True,True,True,1.1988410316310916,1.125483055792947,-0.005724889980177172,1.1329350270618215
2025-09-12,2025-09-15,电子,空仓,电子,卖出,15.0,0.027020153026703797,0.014117112954612487,0.014117112954612487,0.0,0.0005528771644569839,59.6,73.0,0.0,0.2903225806451613,True,True,True,1.2157652058892519,1.126105309673478,0.0024453792325864754,1.1357054828488682
2025-09-15,,空仓,空仓,,空仓,,,0.0,0.0,0.0,0.005396663072334233,0.0,0.0,0.0,0.4838709677419355,False,False,False,1.2157652058892519,1.1321825206137526,-0.0021440282231230956,1.1332704982404846
2025-09-16,,空仓,空仓,,空仓,,,0.0,0.0,0.0,0.003930754232969581,0.0,0.0,0.0,0.6774193548387096,False,False,False,1.2157652058892519,1.1366328518491493,0.006120702481153373,1.1402069097908831
2025-09-17,,空仓,空仓,,空仓,,,0.0,0.0,0.0,-0.01401894139187213,0.0,0.0,0.0,0.6451612903225806,False,True,False,1.2157652058892519,1.1206984625149996,-0.011626836427983012,1.1269499105566885
2025-09-18,,空仓,空仓,,空仓,,,0.0,0.0,0.0,2.7475630156574695e-05,0.0,0.0,0.0,0.0967741935483871,False,False,False,1.2157652058892519,1.1207292544114726,0.0008472449198093646,1.1279047131432873
2025-09-19,,空仓,空仓,,空仓,,,0.0,0.0,0.0,-0.0020913018491129382,0.0,0.0,0.0,0.5161290322580645,False,True,False,1.2157652058892519,1.1183854712493668,0.004595372640783246,1.1330878556034765
2025-09-22,,空仓,空仓,,空仓,,,0.0,0.0,0.0,-0.00872923097641775,0.0,0.0,0.0,0.3548387096774194,False,True,False,1.2157652058892519,1.1086228261501614,-0.0006257451455000673,1.1323788313784076
2025-09-23,,空仓,空仓,,空仓,,,0.0,0.0,0.0,0.010218071638499176,0.0,0.0,0.0,0.16129032258064516,False,False,False,1.2157652058892519,1.119950813607839,0.010242317210931384,1.143977014572329
2025-09-24,2025-09-25,空仓,电力设备,电力设备,买入,16.0,,0.018276313036739156,0.0,0.018276313036739156,-0.00152867380341734,97.8,21.6,22.5,0.9032258064516129,True,True,True,1.2379849113712595,1.118238774137961,0.006004505842987173,1.1508460312405715
2025-09-25,2025-09-26,电力设备,空仓,电力设备,卖出,16.0,0.014039596960612188,-0.004160674290352606,-0.004160674290352606,0.0,-0.006899212224736199,66.5,54.4,13.1,0.22580645161290322,False,True,True,1.2328340593786726,1.1105238075172543,-0.009456648194354988,1.1399628851972596
2025-09-26,,空仓,空仓,,空仓,,,0.0,0.0,0.0,0.009615545021004378,0.0,0.0,0.0,0.3225806451612903,False,False,False,1.2328340593786726,1.1212020991853338,0.01538532881711463,1.1575015890253262
2025-09-29,2025-09-30,空仓,汽车,汽车,买入,17.0,,0.0032281851101940706,0.0,0.0032281851101940706,0.003499157800905326,84.5,2.3,35.6,0.8387096774193549,True,False,True,1.236813875932499,1.1251253622570896,0.0044676976647228805,1.1626729561715277
2025-09-30,2025-10-09,汽车,汽车,汽车,持有,17.0,,-0.0038776096846850905,-0.001218954561497898,-0.002661899858161565,0.009604765120036886,69.4,64.2,37.6,0.6451612903225806,False,False,True,1.2320179944690302,1.1359319270921653,0.014822782971465998,1.179907005067651
2025-10-09,2025-10-10,汽车,国防军工,国防军工,换仓,17.0,-0.0004988902733431555,-0.008159557243048177,0.00016315994545101908,-0.008321359475941037,-0.004302664412600077,73.3,31.7,69.4,0.7419354838709677,False,False,True,1.2219652731186947,1.1310443932143297,-0.019672651896956217,1.156695105286175
2025-10-10,2025-10-13,国防军工,国防军工,国防军工,持有,18.0,,0.008590839860127764,-0.02839654769171096,0.0380683986496404,-0.0038780258550202697,52.6,3.1,76.5,0.5806451612903226,True,True,True,1.2324629810946948,1.1266581738142687,-0.004950362088174454,1.1509690456893893
2025-10-13,2025-10-14,国防军工,空仓,国防军工,卖出,18.0,0.005504203106791783,0.005305159805213622,0.005305159805213622,0.0,-0.007370684281912691,65.1,7.6,72.8,0.1935483870967742,True,True,True,1.2390013941634122,1.1183539321214475,-0.011953689818997582,1.1372107187259506
2025-10-14,,空仓,空仓,,空仓,,,0.0,0.0,0.0,0.011243432253637862,0.0,0.0,0.0,0.3548387096774194,False,False,False,1.2390013941634122,1.1309280687928445,0.014810101818124588,1.1540529252589447
2025-10-15,2025-10-16,空仓,电力设备,电力设备,买入,19.0,,0.0023750739371721785,0.0,0.0023750739371721785,-0.006313865045015163,80.4,10.6,0.0,0.9354838709677419,True,True,True,1.2419441140828096,1.1237875415908667,0.0026342252154005763,1.1570929605745686
2025-10-16,2025-10-17,电力设备,空仓,电力设备,卖出,19.0,-0.0020106873280266724,-0.004375369439278076,-0.004375369439278076,0.0,-0.01972783771425067,51.5,77.1,0.0,0.25806451612903225,False,True,True,1.2365101497607605,1.1016176433450653,-0.022559003919732312,1.1309900959414723
2025-10-17,,空仓,空仓,,空仓,,,0.0,0.0,0.0,0.007054946683100153,0.0,0.0,0.0,0.0,False,False,False,1.2365101497607605,1.1093894970840272,0.005313192600516992,1.1369992641504865
2025-10-20,2025-10-21,空仓,石油石化,石油石化,买入,20.0,,0.011970114176473867,0.0,0.011970114176473867,0.013641450904343086,81.5,0.0,100.0,0.8387096774193549,True,False,True,1.2513113174337656,1.1245231794422927,0.015347867665953752,1.1544497783929548
2025-10-21,2025-10-22,石油石化,纺织服饰,纺织服饰,换仓,20.0,0.012680428644088915,0.001868689730991635,0.0007019124949090294,0.0011659588350076966,-0.0024492713701362748,80.3,25.7,98.9,0.967741935483871,True,True,True,1.2536496300429276,1.12176891701383,-0.003320838773515744,1.1506160368067908
2025-10-22,2025-10-23,纺织服饰,空仓,纺织服饰,卖出,21.0,-0.0023077527200672243,-0.0034696660672692836,-0.0034696660672692836,0.0,0.002398890150029039,24.7,70.5,100.0,0.2903225806451613,False,False,True,1.249299884461323,1.1244599174194634,0.0029994099162335974,1.1540672059573664
2025-10-23,,空仓,空仓,,空仓,,,0.0,0.0,0.0,0.003722549842796859,0.0,0.0,0.0,0.6774193548387096,False,False,False,1.249299884461323,1.1286457755082846,0.011796554534883485,1.1676812226893631
2025-10-24,,空仓,空仓,,空仓,,,0.0,0.0,0.0,0.00923926020874689,0.0,0.0,0.0,0.5161290322580645,False,False,False,1.249299884461323,1.1390736275117086,0.011872720827884375,1.1815447758623165
2025-10-27,2025-10-28,空仓,国防军工,国防军工,买入,22.0,,0.012068826795094356,0.0,0.012068826795094356,-0.002666624015575431,88.4,0.0,89.5,0.9032258064516129,True,True,True,1.2643774683820181,1.1360361464210773,-0.005098792011015152,1.175520324798493
2025-10-28,2025-10-29,国防军工,空仓,国防军工,卖出,22.0,0.011275732462845411,-0.000783636755970929,-0.000783636755970929,0.0,0.007146649992060287,62.4,16.7,100.0,0.3225806451612903,False,False,True,1.2633866557243725,1.1441549991378777,0.011906505003116408,1.1895166634269714
2025-10-29,2025-10-30,空仓,电力设备,电力设备,买入,23.0,,-0.006217754303569523,0.0,-0.006217754303569523,-0.00903647432619982,99.0,14.4,0.0,0.7741935483870968,False,True,True,1.25553122790867,1.1338158718629752,-0.007988267502175073,1.180014486121222
2025-10-30,2025-10-31,电力设备,空仓,电力设备,卖出,23.0,-0.006127877492169254,9.043913975070872e-05,9.043913975070872e-05,0.0,0.0003406663756973462,55.4,85.7,0.0,0.1935483870967742,True,False,True,1.255644777072852,1.1342021248067509,-0.01470155168558096,1.1626664421637767
2025-10-31,,空仓,空仓,,空仓,,,0.0,0.0,0.0,0.005809346475047419,0.0,0.0,0.0,0.5161290322580645,False,False,False,1.255644777072852,1.1407910979224885,0.0027442169961302554,1.165857051175193
2025-11-03,2025-11-04,空仓,轻工制造,轻工制造,买入,24.0,,-0.0015321978575273398,0.0,-0.0015321978575273398,-0.007400481777410477,73.9,24.4,97.4,0.7096774193548387,False,True,True,1.2537208808356057,1.132348694190481,-0.007457768003543586,1.157162359762233
2025-11-04,2025-11-05,轻工制造,空仓,轻工制造,卖出,24.0,-0.00809938017605083,-0.00657725998217662,-0.00657725998217662,0.0,0.004127295141518811,66.7,10.6,100.0,0.16129032258064516,False,False,True,1.2454748326572664,1.1370222314545184,0.0018529027327820469,1.159306469060909
2025-11-05,,空仓,空仓,,空仓,,,0.0,0.0,0.0,0.0067764279162954594,0.0,0.0,0.0,0.6451612903225806,False,False,False,1.2454748326572664,1.1447271806451953,0.014294861944989412,1.1758785949880677
2025-11-06,,空仓,空仓,,空仓,,,0.0,0.0,0.0,2.2265228411676476e-05,0.0,0.0,0.0,0.6451612903225806,False,False,False,1.2454748326572664,1.1447526682573415,-0.00311266686474565,1.1722184766484847
2025-11-07,,空仓,空仓,,空仓,,,0.0,0.0,0.0,0.008401725237802596,0.0,0.0,0.0,0.45161290322580644,False,False,False,1.2454748326572664,1.154370565641281,0.003474613329630838,1.1762914825926871
2025-11-10,2025-11-11,空仓,商贸零售,商贸零售,买入,25.0,,0.009094797692662304,0.0,0.009094797692662304,-0.001595917608163137,81.9,31.7,70.2,0.7419354838709677,True,True,True,1.2568021742915867,1.152528285329229,-0.009134086083621096,1.1655471349312552
2025-11-11,2025-11-12,商贸零售,商贸零售,商贸零售,持有,25.0,,-0.006354249404289192,0.0006584714408588432,-0.007008106207356035,-0.00222576543273787,78.0,74.9,70.8,0.4838709677419355,False,False,True,1.248816139824285,1.1499630277114905,-0.001345179858371126,1.1639792644013636
2025-11-12,2025-11-13,商贸零售,商贸零售,商贸零售,持有,25.0,,0.013676105747526313,-0.0005177205385950012,0.014201178527917468,0.011323364727073676,43.6,100.0,60.2,0.3548387096774194,True,True,True,1.2658950814117396,1.1629844784969177,0.01208934830370878,1.1780510151470063
2025-11-13,2025-11-14,商贸零售,钢铁,钢铁,换仓,25.0,0.009759257798062082,-0.0026991230285424717,-0.006529244724100547,0.0038552938526050795,-0.007644322583727707,67.6,5.1,37.2,0.8709677419354839,False,True,True,1.2624782748457826,1.1540942499834188,-0.015723699797362656,1.1595276946388564
2025-11-14,2025-11-17,钢铁,空仓,钢铁,卖出,26.0,0.004876347172663387,0.001017131977398611,0.001017131977398611,0.0,0.00013303598353249738,55.8,15.6,17.2,0.1935483870967742,True,True,True,1.2637623818698993,1.1542477860470546,-0.006500883724562034,1.1519897399205998
2025-11-17,,空仓,空仓,,空仓,,,0.0,0.0,0.0,-0.010600668332526035,0.0,0.0,0.0,0.5483870967741935,False,True,False,1.2637623818698993,1.1420119880936173,-0.006494053026573132,1.1445086574634873
2025-11-18,,空仓,空仓,,空仓,,,0.0,0.0,0.0,-0.004253327467266742,0.0,0.0,0.0,0.12903225806451613,False,True,False,1.2637623818698993,1.1371546371367107,0.004399770324720276,1.1495442326909806
2025-11-19,,空仓,空仓,,空仓,,,0.0,0.0,0.0,-0.0057058989413427685,0.0,0.0,0.0,0.3225806451612903,False,True,False,1.2637623818698993,1.1306661476965294,-0.00508773199286261,1.143695659721108
2025-11-20,,空仓,空仓,,空仓,,,0.0,0.0,0.0,-0.029522463951524375,0.0,0.0,0.0,0.22580645161290322,False,True,False,1.2637623818698993,1.0972860971099496,-0.024390201159131708,1.1158006925156845
2025-11-21,,空仓,空仓,,空仓,,,0.0,0.0,0.0,0.00637164674696084,0.0,0.0,0.0,0.0,False,False,False,1.2637623818698993,1.1042776165010855,-0.0012484259955073407,1.1144076979253428
2025-11-24,,空仓,空仓,,空仓,,,0.0,0.0,0.0,0.010788817936885199,0.0,0.0,0.0,0.6129032258064516,False,False,False,1.2637623818698993,1.1161914666572932,0.009522604072390806,1.1250197612079103
2025-11-25,2025-11-26,空仓,银行,银行,买入,27.0,,-0.008399916626137593,0.0,-0.008399916626137593,0.0003498656151119554,90.4,34.8,53.1,0.9354838709677419,False,False,True,1.253146883226943,1.116581983671358,0.006062036720294595,1.1318396723114097
2025-11-26,2025-11-27,银行,银行,银行,持有,27.0,,0.005054149938224395,-0.00107202163661968,0.006132746011260126,-0.0009095382389796605,44.5,58.4,42.7,0.3870967741935484,True,True,True,1.2594804754693905,1.115566409660253,-0.0004920726064973069,1.1312827250137183
2025-11-27,2025-11-28,银行,银行,银行,持有,27.0,,-0.008282073864758654,-0.0016499080931478005,-0.0066431263194891566,0.0074864484657612826,79.4,14.7,40.2,0.41935483870967744,False,False,True,1.2490493651403316,1.123918040096309,0.0024934651456351986,1.1341035390583991
2025-11-28,2025-12-01,银行,农林牧渔,农林牧渔,换仓,27.0,-0.013501933810416866,-0.007005889840739021,-0.0018816064185507297,-0.005133943483198733,0.008130433186848756,85.9,0.0,100.0,0.9354838709677419,False,False,True,1.2402986628825134,1.133055980628806,0.011006786015608894,1.1465863740323596
2025-12-01,2025-12-02,农林牧渔,社会服务,社会服务,换仓,28.0,-0.0062262008150177905,-0.0021398843446532867,-0.0010978938568305674,-0.001043135740143697,-0.003907868942161222,79.3,26.0,66.2,0.9032258064516129,False,True,True,1.2376445671911167,1.1286281463523768,-0.0048401765024508325,1.141036693606738
2025-12-02,2025-12-03,社会服务,空仓,社会服务,卖出,29.0,-0.0032248502106482224,-0.002183992671316193,-0.002183992671316193,0.0,-0.006697998593629524,36.4,66.4,64.3,0.25806451612903225,False,True,True,1.234941560526677,1.121068596615378,-0.005112930867183785,1.1352026518754068
2025-12-03,,空仓,空仓,,空仓,,,0.0,0.0,0.0,-0.0045737955712070125,0.0,0.0,0.0,0.1935483870967742,False,True,False,1.234941560526677,1.1159410580331592,0.003424593289323541,1.1390902592590417
2025-12-04,,空仓,空仓,,空仓,,,0.0,0.0,0.0,0.010456744369081505,0.0,0.0,0.0,0.2903225806451613,False,False,False,1.234941560526677,1.1276101684079742,0.00835157787195695,1.1486034602624313
2025-12-05,2025-12-08,空仓,建筑装饰,建筑装饰,买入,30.0,,-4.7014132447120716e-06,0.0,-4.7014132447120716e-06,0.006633627094776014,68.1,13.2,61.4,0.967741935483871,False,False,True,1.2349357545560677,1.1350903137734702,0.008118158932732156,1.157928005703528
2025-12-08,2025-12-09,建筑装饰,家用电器,家用电器,换仓,30.0,-0.004015006911077479,-0.013894990573926402,-0.004010324352024752,-0.00992446655179513,-0.00661252674917553,80.7,21.6,100.0,0.8064516129032258,False,False,True,1.2177763338871066,1.1275844987109132,-0.005091572357469265,1.1520323314777483
2025-12-09,2025-12-10,家用电器,空仓,家用电器,卖出,31.0,-0.01176241100165809,-0.0018563679111045506,-0.0018563679111045506,0.0,0.004364642026158615,33.5,4.3,86.8,0.16129032258064516,False,False,True,1.215515692977976,1.1325060014020318,-0.0013909721214040438,1.1504298866217066
2025-12-10,2025-12-11,空仓,交通运输,交通运输,买入,32.0,,-0.01309678452586438,0.0,-0.01309678452586438,-0.013459859633307933,75.9,0.0,100.0,0.8387096774193549,False,True,True,1.1995963458592367,1.1172626295892816,-0.008633164969192308,1.1404980356250123
2025-12-11,2025-12-12,交通运输,空仓,交通运输,卖出,32.0,-0.012678612737334727,0.0004237211734372526,0.0004237211734372526,0.0,0.003513517668677214,34.0,0.0,100.0,0.03225806451612903,True,False,True,1.2001046402305553,1.1211881515788962,0.006318943540078559,1.1477047783196972
2025-12-12,,空仓,空仓,,空仓,,,0.0,0.0,0.0,-0.001933303923499663,0.0,0.0,0.0,0.6774193548387096,False,True,False,1.2001046402305553,1.1190205541264673,-0.006306552134599519,1.140466718300095
2025-12-15,,空仓,空仓,,空仓,,,0.0,0.0,0.0,-0.012318645282304187,0.0,0.0,0.0,0.41935483870967744,False,True,False,1.2001046402305553,1.105235736856576,-0.011973699819639583,1.1268111121608801
2025-12-16,,空仓,空仓,,空仓,,,0.0,0.0,0.0,0.01059239576276952,0.0,0.0,0.0,0.0967741935483871,False,False,False,1.2001046402305553,1.1169428311925171,0.018303278114215615,1.1474354493289494
2025-12-17,2025-12-18,空仓,电子,电子,买入,33.0,,-0.0043838277704855155,0.0,-0.0043838277704855155,-0.0005990732982364536,91.0,28.0,0.0,0.9032258064516129,False,False,True,1.194843588181224,1.116273700566693,-0.005913261825048699,1.140650363089725
2025-12-18,2025-12-19,电子,电子,电子,持有,33.0,,-0.002912570283493343,0.008688291212391341,-0.011500937997348082,0.011614687531500573,35.8,89.3,1.1,0.3870967741935484,False,False,True,1.191363522252865,1.129238870798407,0.0033792443449540688,1.1445048993787656
2025-12-19,2025-12-22,电子,轻工制造,轻工制造,换仓,33.0,-0.0005555176392721961,-2.9893085240373374e-05,0.00677747684082286,-0.006761543720092078,0.007167572981517207,90.7,35.2,57.9,0.9032258064516129,False,False,True,1.1913279087215418,1.1373327728184206,0.009510575113095499,1.155389799191613
2025-12-22,2025-12-23,轻工制造,电子,电子,换仓,34.0,-0.00483500093219813,0.009483220811357773,0.001939657869379774,0.007528959336752239,-0.0034835822127460207,89.4,6.6,4.1,0.7096774193548387,True,True,True,1.2026255343386814,1.1333707806010573,0.0019754429240108617,1.1576722057949005
2025-12-23,2025-12-24,电子,空仓,电子,卖出,35.0,0.011368354023404637,0.0038107040508095213,0.0038107040508095213,0.0,0.007500885564968218,59.8,72.6,0.0,0.2903225806451613,True,False,True,1.2072083843339927,1.1418720651290246,0.0028837409811939274,1.1610106325775404
2025-12-24,2025-12-25,空仓,基础化工,基础化工,买入,36.0,,0.008346001578035223,0.0,0.008346001578035223,0.0056819206906034555,90.5,44.5,46.5,0.8709677419354839,True,True,True,1.2172837474146616,1.1483600916419032,0.0018292818453535808,1.163134448249977
2025-12-25,2025-12-26,基础化工,汽车,汽车,换仓,36.0,0.010842629164034667,0.007750675359588621,0.002475963193281139,0.005261684429325841,0.0031522177136406072,94.3,15.9,98.3,0.8064516129032258,True,True,True,1.226718518561376,1.1519799726644149,0.003167234459570345,1.1668183677555877
2025-12-26,2025-12-29,汽车,汽车,汽车,持有,37.0,,0.004096010173263442,0.0005747893816563376,0.0035191979939681595,-0.002818993580099018,61.5,80.7,96.7,0.6451612903225806,True,True,True,1.231743170093134,1.1487325485170712,-0.003836607089391153,1.1623417441338249
2025-12-29,2025-12-30,汽车,空仓,汽车,卖出,37.0,0.003781356302708039,-0.005545874092573899,-0.005545874092573899,0.0,-0.0001621615209039484,55.1,79.0,87.9,0.3225806451612903,False,False,True,1.2249120775574096,1.1485462682998917,0.0025671577961405845,1.1653256588040577
2025-12-30,,空仓,空仓,,空仓,,,0.0,0.0,0.0,0.0008004190145766,0.0,0.0,0.0,0.45161290322580644,False,False,False,1.2249120775574096,1.14946558657216,-0.004588412399204489,1.15997866410209
2025-12-31,,空仓,空仓,,空仓,,,0.0,0.0,0.0,0.014047414071618337,0.0,0.0,0.0,0.4838709677419355,False,False,False,1.2249120775574096,1.1656126056278147,0.0189648245979388,1.1819774560041374
2026-01-05,2026-01-06,空仓,电子,电子,买入,38.0,,0.01759432739441924,0.0,0.01759432739441924,0.014561863775766296,89.5,43.5,0.0,0.8387096774193549,True,True,True,1.246463581679333,1.182586097606283,0.015462468729555257,1.2002537454566407
2026-01-06,2026-01-07,电子,国防军工,国防军工,换仓,38.0,0.02877692543363497,0.011860045525073026,0.010989249584212102,0.0008613305643152547,0.0014938909217559917,93.5,11.6,25.6,0.967741935483871,True,True,True,1.2612466965033955,1.1843527522416917,-0.0029281770033731114,1.196739190040982
2026-01-07,2026-01-08,国防军工,国防军工,国防军工,持有,39.0,,0.04177204901534237,-0.00477148963228935,0.046766685402164665,0.003891086092967457,76.5,47.6,24.4,0.5483870967741935,True,True,True,1.313931555330174,1.188961170765107,-0.008167202814890584,1.1869651783593895
2026-01-08,2026-01-09,国防军工,国防军工,国防军工,持有,39.0,,0.03290101699893522,0.013680838565186981,0.01896077907613747,0.01259617317141619,89.7,50.9,37.0,0.6451612903225806,True,True,True,1.3571612397675294,1.203937531566154,0.004489141672016084,1.1922936332047946
2026-01-09,2026-01-12,国防军工,家用电器,家用电器,换仓,39.0,0.0999191306303504,0.025170387087560364,0.021304956345944426,0.003784795831644372,0.015896572443405674,76.0,33.3,97.6,0.9354838709677419,True,True,True,1.3913215135127115,1.2230760117540305,0.0065128194996668665,1.2000588264284595
2026-01-12,2026-01-13,家用电器,公用事业,公用事业,换仓,40.0,0.003502206209986314,-0.003745298549593712,-0.0002815241103785171,-0.0034647498498343587,-0.009270635672130307,61.9,0.0,100.0,0.9032258064516129,False,True,True,1.3861105990661338,1.2117373196497367,-0.006030168378943324,1.1928222696404587
2026-01-13,2026-01-14,公用事业,空仓,公用事业,卖出,41.0,-0.002816352346363682,0.000650651849368078,0.000650651849368078,0.0,0.0025762021092509708,51.5,0.0,100.0,0.1935483870967742,True,False,True,1.3870124744908447,1.2148589998884767,-0.004011945309545739,1.1880367319306528
2026-01-14,,空仓,空仓,,空仓,,,0.0,0.0,0.0,-0.005193884881701171,0.0,0.0,0.0,0.5483870967741935,False,True,False,1.3870124744908447,1.2085491620955573,0.002002981485601074,1.190416347508924
2026-01-15,,空仓,空仓,,空仓,,,0.0,0.0,0.0,-0.0072152621933691844,0.0,0.0,0.0,0.3548387096774194,False,True,False,1.3870124744908447,1.1998291630174611,-0.00411581442151332,1.1855168147382416
2026-01-16,,空仓,空仓,,空仓,,,0.0,0.0,0.0,0.007837954824759836,0.0,0.0,0.0,0.22580645161290322,False,False,False,1.3870124744908447,1.2092333697946214,0.0005458726383822388,1.1861639559297492
2026-01-19,2026-01-20,空仓,电力设备,电力设备,买入,42.0,,-0.019910235024864775,0.0,-0.019910235024864775,-0.0004650806737086009,95.7,40.0,100.0,0.7741935483870968,False,False,True,1.3593967301413128,1.2086709787243264,-0.0032903463462322646,1.1822610656913233
2026-01-20,2026-01-21,电力设备,电力设备,电力设备,持有,42.0,,0.00208411194819047,-0.005777439324241906,0.007907234841954214,0.002288698073925972,40.2,57.8,87.6,0.6451612903225806,True,False,True,1.3622298651089313,1.211437261665343,0.0008881348487923546,1.183311072944134
2026-01-21,2026-01-22,电力设备,电力设备,电力设备,持有,42.0,,-0.0010768106215404138,0.0017694466202915482,-0.002841229837298842,0.007963366920737534,50.5,58.3,64.1,0.5806451612903226,False,False,True,1.3607630015212024,1.2210843810814376,0.0001355051130946805,1.1834714176448995
2026-01-22,2026-01-23,电力设备,建筑材料,建筑材料,换仓,42.0,-0.012915764319661571,0.007790935755499717,0.006125347860994168,0.0016554477014683044,0.008102463788418623,89.5,44.4,56.9,0.7096774193548387,True,False,True,1.3713646186445152,1.2309781730617535,-0.004490539108356506,1.178156992960343
2026-01-23,2026-01-26,建筑材料,电力设备,电力设备,换仓,43.0,0.001730167005947747,-0.026833789159066868,7.459581500901535e-05,-0.026906377870889675,-0.0054787120529644125,94.1,19.2,41.7,0.7419354838709677,False,False,True,1.3345657096076042,1.2242339981080639,0.0009499208609804466,1.1792761488654662
2026-01-26,2026-01-27,电力设备,空仓,电力设备,卖出,44.0,-0.03203437704983858,-0.005269790143859865,-0.005269790143859865,0.0,-0.003396172339658717,45.2,38.6,36.1,0.3225806451612903,False,False,True,1.3275328283847807,1.2200762884664196,-0.000270237886034419,1.178957463771946
2026-01-27,,空仓,空仓,,空仓,,,0.0,0.0,0.0,0.0013276767908321182,0.0,0.0,0.0,0.25806451612903225,False,False,False,1.3275328283847807,1.221696155437661,0.0026136432216552485,1.1820388379557534
2026-01-28,,空仓,空仓,,空仓,,,0.0,0.0,0.0,0.003785769952373506,0.0,0.0,0.0,0.3548387096774194,False,False,False,1.3275328283847807,1.2263212160338473,0.007604719890095479,1.1910279122176208
2026-01-29,,空仓,空仓,,空仓,,,0.0,0.0,0.0,-0.008316737734194272,0.0,0.0,0.0,0.6129032258064516,False,True,False,1.3275328283847807,1.2161222241022156,-0.009998169912300958,1.1791198127809759
2026-01-30,,空仓,空仓,,空仓,,,0.0,0.0,0.0,-0.02682598674867847,0.0,0.0,0.0,0.1935483870967742,False,True,False,1.3275328283847807,1.1834985454336762,-0.02132442619976027,1.1539757593526527
2026-02-02,,空仓,空仓,,空仓,,,0.0,0.0,0.0,0.02066043684463658,0.0,0.0,0.0,0.06451612903225806,False,False,False,1.3275328283847807,1.2079501423873278,0.011751462229316667,1.1675366619022325
2026-02-03,2026-02-04,空仓,电力设备,电力设备,买入,45.0,,0.02008131873651764,0.0,0.02008131873651764,0.010338240931670701,87.3,28.1,30.8,0.967741935483871,True,True,True,1.3541914382447662,1.220438221992774,0.008277921515319475,1.1772014387557173
2026-02-04,2026-02-05,电力设备,公用事业,公用事业,换仓,45.0,0.007968157138086518,-0.020901401208367365,-0.011874701924190378,-0.009135176785529886,-0.006506261134249906,81.6,15.0,100.0,0.8709677419354839,False,False,True,1.3258869396810762,1.2124977322222694,-0.006015302586063864,1.1701202158968518
2026-02-05,2026-02-06,公用事业,公用事业,公用事业,持有,46.0,,0.0025293216928419238,-0.004429319287781341,0.006989600151387609,-0.0028742764173975196,42.4,0.0,100.0,0.3870967741935484,True,True,True,1.3292405342798672,1.2090126785843949,-0.005743167797363613,1.163400019153869
2026-02-06,2026-02-09,公用事业,空仓,公用事业,卖出,46.0,-0.0019739925488729826,0.004686031866615981,0.004686031866615981,0.0,0.016636257799963795,55.9,0.0,100.0,0.25806451612903225,True,False,True,1.3354693977819003,1.2291261251887495,0.016250337023070882,1.1823056615577665
2026-02-09,2026-02-10,空仓,电子,电子,买入,47.0,,0.0010643816621034308,0.0,0.0010643816621034308,0.0009949576697538928,85.7,0.0,0.0,1.0,True,True,True,1.3368908469191998,1.2303490536541009,0.0011103915696273337,1.183618483797083
2026-02-10,2026-02-11,电子,电子,电子,持有,47.0,,-0.010905019161091545,-0.005913533632869505,-0.00502117843577865,0.0007074773166667925,38.9,100.0,0.0,0.4838709677419355,False,False,True,1.322312026617258,1.2312194977011437,-0.0022176849208851435,1.1809935909334852
2026-02-11,2026-02-12,电子,电子,电子,持有,47.0,,0.017290926403638718,0.0048409454619169345,0.012390001619608126,0.0011197672910441055,32.9,65.8,0.0,0.3870967741935484,True,True,True,1.3451760265521435,1.2325981770227652,0.0012217270113676904,1.1824364427037808
2026-02-12,2026-02-13,电子,电子,电子,持有,47.0,,-0.0028782127295309268,-0.007305692574323341,0.004460063699039507,-0.010666901717547651,81.3,12.0,0.0,0.45161290322580644,False,True,True,1.3413043237890614,1.2194501734112349,-0.0125375616211848,1.1676115729402476
2026-02-13,2026-02-24,电子,空仓,电子,卖出,47.0,0.020568150817086295,0.01612848746875639,0.01612848746875639,0.0,0.011312906181579749,49.7,100.0,0.0,0.06451612903225806,True,True,True,1.362937533767082,1.2332456988161473,0.010114569417125852,1.1794214612469913
2026-02-24,2026-02-25,空仓,建筑材料,建筑材料,买入,48.0,,0.019667824193734917,0.0,0.019667824193734917,0.010450604064817234,84.6,0.0,20.2,0.7741935483870968,True,True,True,1.3897435495682555,1.2461338613291135,0.006020549143883613,1.18652222611578
2026-02-25,2026-02-26,建筑材料,建筑材料,建筑材料,持有,48.0,,-0.005727194107297384,-0.003035815465362579,-0.0026995740505875165,-0.0010622024048867473,79.4,0.0,35.1,0.9354838709677419,False,False,True,1.3817842185005136,1.2448102149447988,-0.0019029174268551108,1.1842643722943533
2026-02-26,2026-02-27,建筑材料,建筑材料,建筑材料,持有,48.0,,-0.014453697330159998,-0.010875514944835074,-0.0036175248306843377,0.0072662611463539875,67.3,17.8,28.7,0.3548387096774194,False,False,True,1.3618123276307155,1.2538553310442369,-0.003432924169545659,1.1801988825075722
2026-02-27,2026-03-02,建筑材料,建筑材料,建筑材料,持有,48.0,,0.008081487444098423,-0.015368673166144431,0.02381618375442951,-0.0031814774298862527,39.6,32.3,12.3,0.6774193548387096,True,True,True,1.3728177968576816,1.249866218608177,0.0038258014236676186,1.1847140890724805
2026-03-02,2026-03-03,建筑材料,空仓,建筑材料,卖出,48.0,0.01158540664473251,0.004304957644771568,0.004304957644771568,0.0,-0.022477789616578366,49.0,0.0,0.0,0.3225806451612903,True,True,True,1.3787277193271426,1.221771988697434,-0.015389742864426625,1.1664816438737917
2026-03-03,,空仓,空仓,,空仓,,,0.0,0.0,0.0,-0.007828288765984383,0.0,0.0,0.0,0.16129032258064516,False,True,False,1.3787277193271426,1.2122076047637196,-0.011441621548459957,1.1531352023613624
2026-03-04,,空仓,空仓,,空仓,,,0.0,0.0,0.0,0.0068976134494229645,0.0,0.0,0.0,0.12903225806451613,False,False,False,1.3787277193271426,1.2205689442418306,0.009791586322802637,1.1644262252371462
2026-03-05,2026-03-06,空仓,银行,银行,买入,49.0,,0.0033680817693995113,0.0,0.0033680817693995113,0.009321143306677942,80.3,0.0,100.0,0.8387096774193549,True,False,True,1.383371387023574,1.2319460422867894,0.002742651621277181,1.1676198407116505
2026-03-06,2026-03-09,银行,医药生物,医药生物,换仓,49.0,-0.0013040195831711676,-0.0013906103179351925,-0.004656418155470576,0.0032810859457026442,-0.006455825419446552,82.1,0.0,95.1,0.8064516129032258,False,True,True,1.3814476564992426,1.2239928137116078,-0.009652309578773832,1.156349612538783
2026-03-09,2026-03-10,医药生物,空仓,医药生物,卖出,50.0,0.010569471526423513,0.007264549967919365,0.007264549967919365,0.0,0.009482864362793792,38.9,26.3,76.6,0.22580645161290322,True,False,True,1.3914832520279465,1.2355997715450693,0.012848354062381162,1.1712068017805786
2026-03-10,2026-03-11,空仓,医药生物,医药生物,买入,51.0,,-0.0051198450999948575,0.0,-0.0051198450999948575,0.0023886991914693167,81.2,7.3,75.4,0.8064516129032258,False,False,True,1.3843590733183264,1.2385512477203386,0.006361829365852056,1.1786578196056319
2026-03-11,2026-03-12,医药生物,医药生物,医药生物,持有,51.0,,-0.007449049749798875,-0.00030026607250766,-0.007150930859215032,-0.0020794599090530196,49.1,24.3,75.6,0.5483870967741935,False,False,True,1.3740469137095928,1.2359757300553966,-0.0035999605485893538,1.1744146979547652
2026-03-12,2026-03-13,医药生物,空仓,医药生物,卖出,51.0,-0.014999841490863863,-0.002500416736122668,-0.002500416736122668,0.0,-0.009183235687676757,40.6,12.8,73.9,0.3225806451612903,False,True,True,1.3706112238103356,1.2246254736220497,-0.003929549701976454,1.1697997770284203
2026-03-13,,空仓,空仓,,空仓,,,0.0,0.0,0.0,-0.002217542862052754,0.0,0.0,0.0,0.16129032258064516,False,True,False,1.3706112238103356,1.221909814144331,0.0005180825588864124,1.170405829890288
2026-03-16,,空仓,空仓,,空仓,,,0.0,0.0,0.0,-0.012757927702406068,0.0,0.0,0.0,0.5483870967741935,False,True,False,1.3706112238103356,1.2063207770766171,-0.007303771610503662,1.1618574530171673
2026-03-17,,空仓,空仓,,空仓,,,0.0,0.0,0.0,0.004782985718088407,0.0,0.0,0.0,0.12903225806451613,False,False,False,1.3706112238103356,1.2120905921248077,0.00450528837123132,1.1670919558892738
2026-03-18,,空仓,空仓,,空仓,,,0.0,0.0,0.0,-0.01980349767180546,0.0,0.0,0.0,0.6129032258064516,False,True,False,1.3706112238103356,1.1880869589056469,-0.01611757169754846,1.1482812676125964
2026-03-19,,空仓,空仓,,空仓,,,0.0,0.0,0.0,-0.016298733298142694,0.0,0.0,0.0,0.0967741935483871,False,True,False,1.3706112238103356,1.1687226464274423,-0.003541809078533409,1.1442142745942563
2026-03-20,,空仓,空仓,,空仓,,,0.0,0.0,0.0,-0.04143485040179165,0.0,0.0,0.0,0.0967741935483871,False,True,False,1.3706112238103356,1.1202967984115353,-0.032629825413643565,1.1068787625784469
2026-03-23,,空仓,空仓,,空仓,,,0.0,0.0,0.0,0.02273867213720639,0.0,0.0,0.0,0.06451612903225806,False,False,False,1.3706112238103356,1.1457708600069774,0.012839528863189953,1.1210905643986249
2026-03-24,2026-03-25,空仓,银行,银行,买入,52.0,,0.005648764222646374,0.0,0.005648764222646374,0.017565087544740437,86.9,12.3,100.0,0.9354838709677419,True,False,True,1.378353483454553,1.1658964254692123,0.014021876666078015,1.1368103580241262
2026-03-25,2026-03-26,银行,纺织服饰,纺织服饰,换仓,52.0,0.003251250384055382,-0.010034476007685589,-0.00238404691964611,-0.0076687116564416735,-0.013245421920542082,75.3,23.9,16.1,0.9354838709677419,False,True,True,1.3645224284947184,1.1504536353982207,-0.013208253241123513,1.1217950789282112
2026-03-26,2026-03-27,纺织服饰,空仓,纺织服饰,卖出,53.0,-0.01496762773103133,-0.007355321917515423,-0.007355321917515423,0.0,0.009420399029426195,44.6,73.5,18.4,0.0967741935483871,False,False,True,1.3544859267694698,1.161291367708526,0.005591470661974629,1.1280675632007857
2026-03-27,2026-03-30,空仓,食品饮料,食品饮料,买入,54.0,,0.012348789836594376,0.0,0.012348789836594376,0.0016245767781642494,81.1,44.3,100.0,0.8387096774193549,True,True,True,1.3712121888157707,1.1631779746971878,-0.0023586529473162976,1.1254068433180702
2026-03-30,2026-03-31,食品饮料,食品饮料,食品饮料,持有,54.0,,0.0023283870189407807,0.018465817094310166,-0.015844842118913238,-0.012264148480842119,47.7,80.7,100.0,0.5806451612903226,True,True,True,1.3744049014764226,1.1489125873058563,-0.009328020125110692,1.1149090256346619
2026-03-31,2026-04-01,食品饮料,空仓,食品饮料,卖出,54.0,0.02400271517819319,0.009162049111319792,0.009162049111319792,0.0,0.014897330316637775,72.6,0.0,100.0,0.0967741935483871,True,False,True,1.3869972666825883,1.1660283176238946,0.01708250852945281,1.13395446857463
2026-04-01,2026-04-02,空仓,传媒,传媒,买入,55.0,,-0.021332733115754565,0.0,-0.021332733115754565,-0.01163229518732076,85.2,0.0,69.5,0.9032258064516129,False,False,True,1.3574088241601676,1.1524647320365184,-0.01041809588788467,1.122140822188524
2026-04-02,2026-04-03,传媒,空仓,传媒,卖出,55.0,-0.01433019469557717,0.007155177921165379,0.007155177921165379,0.0,-0.01548849641140427,29.4,0.0,35.8,0.22580645161290322,True,True,True,1.3671213258087935,1.1346147861701008,-0.008512108069275715,1.1125890382411094
2026-04-03,,空仓,空仓,,空仓,,,0.0,0.0,0.0,0.007574441406421742,0.0,0.0,0.0,0.06451612903225806,False,False,False,1.3671213258087935,1.1432088593868062,-3.8957041417653215e-05,1.112545695063866
2026-04-07,2026-04-08,空仓,基础化工,基础化工,买入,56.0,,0.02000560806380558,0.0,0.02000560806380558,0.0333774518118181,91.3,41.4,13.4,0.8387096774193549,True,False,True,1.3944714192285945,1.181366258001833,0.034891555585748524,1.151364145024872
2026-04-08,2026-04-09,基础化工,非银金融,非银金融,换仓,56.0,0.015527590198116448,-0.015488611604229208,-0.004390189456104476,-0.011147361175621318,-0.009654503402327591,79.5,9.5,100.0,0.9354838709677419,False,False,True,1.3728729930229646,1.1699607534445593,-0.006382687970942658,1.144015346946247
2026-04-09,2026-04-10,非银金融,空仓,非银金融,卖出,57.0,0.0010632523209677114,0.012348264055912272,0.012348264055912272,0.0,0.007164481831978841,28.3,0.0,84.3,0.0967741935483871,True,True,True,1.3898255912560429,1.1783429160067411,0.01540485092255306,1.161638732819067
2026-04-10,2026-04-13,空仓,非银金融,非银金融,买入,58.0,,0.008029599745905891,0.0,0.008029599745905891,0.0016798611835265088,70.5,6.8,100.0,0.7419354838709677,True,True,True,1.400985334470446,1.1803223685322242,0.00206812541846646,1.1640411474094852
2026-04-13,2026-04-14,非银金融,非银金融,非银金融,持有,58.0,,0.00921493405269147,0.007318879835491066,0.0018822780503331416,0.009320416464680554,39.0,41.8,99.9,0.5806451612903226,True,False,True,1.413895321936379,1.1913234645695225,0.011865510298082471,1.177853089631464
2026-04-14,2026-04-15,非银金融,国防军工,国防军工,换仓,58.0,0.022110653568184757,-0.0014933781308430483,0.004710547792889264,-0.006174839049277292,-0.0038296017915282836,84.2,14.3,65.7,0.9032258064516129,False,True,True,1.411783841583298,1.1867611700953176,-0.0034114084579864867,1.1738349516392297
2026-04-15,2026-04-16,国防军工,国防军工,国防军工,持有,59.0,,0.0035853246144759154,-7.639185968333351e-05,0.0036619962208606083,0.012400741698623994,62.3,72.1,85.0,0.3548387096774194,True,False,True,1.416845544940846,1.2014778888236264,0.010962498020165468,1.1867031149725757
2026-04-16,2026-04-17,国防军工,传媒,传媒,换仓,59.0,-0.0062659432319712716,0.0032089431154069814,-0.0036638587232313835,0.006898075412411719,-0.0011246471086968348,75.1,18.3,69.5,0.9032258064516129,True,True,True,1.4213921216978789,1.2001266501897976,-0.0016754605829739644,1.1847148406797468
2026-04-17,2026-04-20,传媒,空仓,传媒,卖出,60.0,0.004565985860172983,-0.0023161128312650936,-0.0023161128312650936,0.0,0.005262639028943341,53.7,50.0,44.2,0.2903225806451613,False,False,True,1.4181000171665552,1.2064424835387615,0.00608416062670325,1.1919228360672816
2026-04-20,2026-04-21,空仓,环保,环保,买入,61.0,,0.0047291288398116915,0.0,0.0047291288398116915,-4.2918555599995435e-06,73.3,42.9,29.2,0.7741935483870968,True,True,True,1.424806394855475,1.2064373056618807,0.0022186292547545783,1.1945672709407904
2026-04-21,2026-04-22,环保,环保,环保,持有,61.0,,0.003960040015305477,-0.0016688410774627904,0.005638290503567234,0.004209695578823042,67.9,44.3,26.4,0.5483870967741935,True,False,True,1.430448685193166,1.2115160394536528,0.00663381289858056,1.2024918067109795
2026-04-22,2026-04-23,环保,环保,环保,持有,61.0,,-0.0065158695173022085,0.003586253765336833,-0.010066023966287974,-0.004882107450383257,56.8,54.8,75.7,0.5483870967741935,False,False,True,1.4211280682092509,1.2056012879711773,-0.0027710486671147505,1.1991596433927767
2026-04-23,2026-04-24,环保,空仓,环保,卖出,61.0,-0.002005595286619366,-0.004132059512749753,-0.004132059512749753,0.0,-0.005853891609098682,46.6,53.5,51.5,0.25806451612903225,False,True,True,1.4152558824561712,1.1985438287076042,-0.003543009075852366,1.1949110098928402
2026-04-24,,空仓,空仓,,空仓,,,0.0,0.0,0.0,0.0017876269380191132,0.0,0.0,0.0,0.25806451612903225,False,False,False,1.4152558824561712,1.2006863779421983,0.00033086137788873593,1.1953063597960276
2026-04-27,,空仓,空仓,,空仓,,,0.0,0.0,0.0,-0.0032696685000867085,0.0,0.0,0.0,0.5483870967741935,False,True,False,1.4152558824561712,1.1967605315137575,-0.0026701197898443274,1.1921147486298094
2026-04-28,,空仓,空仓,,空仓,,,0.0,0.0,0.0,0.014065685378255702,0.0,0.0,0.0,0.3870967741935484,False,False,False,1.4152558824561712,1.213593788623144,0.010957696678873363,1.2051775804517062
2026-04-29,2026-04-30,空仓,电力设备,电力设备,买入,62.0,,-0.004837974069747508,0.0,-0.004837974069747508,0.0010283188634474276,97.1,0.0,0.0,0.967741935483871,False,False,True,1.4084089111947906,1.214841750008548,-0.0006319710409664614,1.2044159431216388
2026-04-30,2026-05-06,电力设备,电力设备,电力设备,持有,62.0,,0.035337191066845186,0.0158503269816741,0.019182810269964712,0.013787704492233025,61.2,59.8,0.0,0.4838709677419355,True,True,True,1.4581781259899282,1.231591629062493,0.01451665142230052,1.221900029535397
2026-05-06,2026-05-07,电力设备,电力设备,电力设备,持有,62.0,,-0.0022099683890597355,0.004902904553390597,-0.0070781693536964285,0.0066780686935586486,86.7,38.7,0.0,0.8387096774193549,False,False,True,1.4549555984258722,1.2398162825637842,0.00480142576715159,1.2277668918220916
2026-05-07,2026-05-08,电力设备,电子,电子,换仓,62.0,0.02104226254762076,0.0021149018273085574,-0.006817754527853159,0.008993975069414573,0.001846069312168947,97.3,0.0,6.9,0.7419354838709677,True,True,True,1.4580326866796358,1.2421050693557525,-0.005835719139639428,1.2206019890724698
2026-05-08,2026-05-11,电子,电子,电子,持有,63.0,,0.04734877121157499,0.02465718373091108,0.02214554081204101,0.006787361001772917,64.7,27.5,0.0,0.5483870967741935,True,True,True,1.5270687427802279,1.2505356848636022,0.016405263477456744,1.2406262863043114
2026-05-11,2026-05-12,电子,电子,电子,持有,63.0,,0.0014036646307606926,0.0008817323709051639,0.0005214724607063292,-0.007767188375804859,100.0,0.0,9.3,0.7419354838709677,True,True,True,1.5292122351632087,1.2408225386286005,-0.0007653725276095535,1.2396767450277437
2026-05-12,2026-05-13,电子,空仓,电子,卖出,63.0,0.037961522122315294,-0.01917353099036989,-0.01917353099036989,0.0,0.006525359763491302,64.1,32.5,0.8,0.16129032258064516,False,False,True,1.499891836981454,1.2489193520958006,0.010164616463624876,1.2522775836798257
2026-05-13,,空仓,空仓,,空仓,,,0.0,0.0,0.0,-0.018155683404016427,0.0,0.0,0.0,0.6451612903225806,False,True,False,1.499891836981454,1.226244367742,-0.01675455581090357,1.2312962290133185
2026-05-14,,空仓,空仓,,空仓,,,0.0,0.0,0.0,-0.010451236515845331,0.0,0.0,0.0,0.06451612903225806,False,True,False,1.499891836981454,1.213428597828505,-0.011191965485875865,1.2175156041153123
2026-05-15,,空仓,空仓,,空仓,,,0.0,0.0,0.0,-0.004578823967289186,0.0,0.0,0.0,0.22580645161290322,False,True,False,1.499891836981454,1.207872521882174,-0.005364441014092058,1.2109843134732992
2026-05-18,,空仓,空仓,,空仓,,,0.0,0.0,0.0,0.0051253651572870885,0.0,0.0,0.0,0.2903225806451613,False,False,False,1.499891836981454,1.2140633096202733,0.004005152348264929,1.2158344901401188
2026-05-19,2026-05-20,空仓,电子,电子,买入,64.0,,0.026119611466884463,0.0,0.026119611466884463,-0.005993516600850883,100.0,8.3,2.9,0.7096774193548387,True,True,True,1.5390684290057612,1.2067868010195801,-0.00044983569581213967,1.2152875643862542
2026-05-20,2026-05-21,电子,空仓,电子,卖出,64.0,0.042811707568659596,0.016267203077731773,0.016267203077731773,0.0,-0.022889956151994177,76.9,13.4,13.6,0.25806451612903225,True,True,True,1.5641047676909237,1.1791635040594366,-0.013936545241096443,1.1983506542642433
2026-05-21,,空仓,空仓,,空仓,,,0.0,0.0,0.0,0.010698171129581473,0.0,0.0,0.0,0.06451612903225806,False,False,False,1.5641047676909237,1.1917783970156215,0.012961892062212765,1.2138835460974984
2026-05-22,,空仓,空仓,,空仓,,,0.0,0.0,0.0,0.0034889260408888494,0.0,0.0,0.0,0.6774193548387096,False,False,False,1.5641047676909237,1.195936423699938,0.015789367228014495,1.2330499991788761
2026-05-25,,空仓,空仓,,空仓,,,0.0,0.0,0.0,-0.004871519727636474,0.0,0.0,0.0,0.5161290322580645,False,True,False,1.5641047676909237,1.1901103958188848,0.005334040962515774,1.2396271383833264
2026-05-26,,空仓,空仓,,空仓,,,0.0,0.0,0.0,-0.013267149176114214,0.0,0.0,0.0,0.2903225806451613,False,True,False,1.5641047676909237,1.1743210236615111,-0.008019242301248952,1.2296862679974265
2026-05-27,,空仓,空仓,,空仓,,,0.0,0.0,0.0,0.001388137221851862,0.0,0.0,0.0,0.16129032258064516,False,False,False,1.5641047676909237,1.1759511423848588,0.0012310084548801115,1.2312000221901813
2026-05-28,,空仓,空仓,,空仓,,,0.0,0.0,0.0,-0.007861972677314087,0.0,0.0,0.0,0.4838709677419355,False,True,False,1.5641047676909237,1.1667058466335727,-0.00449553163466776,1.2256651235418217
2026-05-29,,空仓,空仓,,空仓,,,0.0,0.0,0.0,0.005265420454302665,0.0,0.0,0.0,0.3870967741935484,False,False,False,1.5641047676909237,1.1728490434625916,-0.009784099780236533,1.2136730936759326
2026-06-01,,空仓,空仓,,空仓,,,0.0,0.0,0.0,-0.0036567241113467006,0.0,0.0,0.0,0.6774193548387096,False,True,False,1.5641047676909237,1.168560258086392,0.014512651684589928,1.23128670854341
2026-06-02,,空仓,空仓,,空仓,,,0.0,0.0,0.0,-0.0022633470641245765,0.0,0.0,0.0,0.25806451612903225,False,True,False,1.5641047676909237,1.1659154006569996,0.004934318623297518,1.2373622694799944
2026-06-03,,空仓,空仓,,空仓,,,0.0,0.0,0.0,-0.01073000551481221,0.0,0.0,0.0,0.2903225806451613,False,True,False,1.5641047676909237,1.1534051219781456,-0.006897209428628259,1.228827922768308
2026-06-04,,空仓,空仓,,空仓,,,0.0,0.0,0.0,-0.0039404548066501194,0.0,0.0,0.0,0.16129032258064516,False,True,False,1.5641047676909237,1.1488601812212318,-0.017906129676666604,1.2068243706329098
2026-06-05,,空仓,空仓,,空仓,,,0.0,0.0,0.0,-0.02316470537716287,0.0,0.0,0.0,0.41935483870967744,False,True,False,1.5641047676909237,1.122247173603688,-0.021441917241926123,1.1809477423522594
2026-06-08,,空仓,空仓,,空仓,,,0.0,0.0,0.0,0.01085770448803337,0.0,0.0,0.0,0.06451612903225806,False,False,False,1.5641047676909237,1.1344322017772075,0.018706365955915905,1.2030389829955135
2026-06-09,2026-06-10,空仓,基础化工,基础化工,买入,65.0,,0.00997444946795567,0.0,0.00997444946795567,-0.00898020790423924,89.1,22.3,70.0,0.8064516129032258,True,True,True,1.5797058516588454,1.1242447647519842,-0.011082901847030091,1.1897058200288233
2026-06-10,2026-06-11,基础化工,空仓,基础化工,卖出,65.0,0.013446133544704919,0.0034373979248465414,0.0034373979248465414,0.0,-0.0064107080535977835,63.3,45.7,88.0,0.25806451612903225,True,True,True,1.5851359292752054,1.1170375597843736,-0.005513422607706042,1.1831464690641569
2026-06-11,,空仓,空仓,,空仓,,,0.0,0.0,0.0,0.01173835430177358,0.0,0.0,0.0,0.2903225806451613,False,False,False,1.5851359292752054,1.130149742429511,0.011627320953569331,1.196903292795048
2026-06-12,2026-06-15,空仓,非银金融,非银金融,买入,66.0,,0.016746771671781735,0.0,0.016746771671781735,0.01588346187034013,92.8,0.0,100.0,0.8709677419354839,True,True,True,1.6116818387515148,1.1481004327711648,0.023944800862026216,1.225562903792129
2026-06-15,2026-06-16,非银金融,国防军工,国防军工,换仓,66.0,0.010388557530835563,-0.009387861374750228,-0.006253488398582974,-0.003154097085700691,-0.001072790881793963,69.8,14.9,40.3,0.8064516129032258,False,False,True,1.596551593069113,1.1468687610955042,-0.0015293211194112866,1.2236886245601926
2026-06-16,2026-06-17,国防军工,国防军工,国防军工,持有,67.0,,0.01376698524153186,-0.005661747177253318,0.01953935933132467,-0.0014535101352378677,55.1,67.1,56.2,0.3548387096774194,True,True,True,1.6185312952882396,1.1452017757274642,0.009654332554020817,1.235502521484269
2026-06-17,2026-06-18,国防军工,空仓,国防军工,卖出,67.0,0.0009235455507787815,-0.00954503428409581,-0.00954503428409581,0.0,-0.006798637004911102,60.0,51.3,50.7,0.2903225806451613,False,False,True,1.6030823585848313,1.1374159645569135,0.0020710201957414576,1.2380612721581523
2026-06-18,,空仓,空仓,,空仓,,,0.0,0.0,0.0,0.013366335028096333,0.0,0.0,0.0,0.2903225806451613,False,False,False,1.6030823585848313,1.1526190474054867,0.023890849904853795,1.267639608184295
2026-06-22,2026-06-23,空仓,环保,环保,买入,68.0,,-0.0044043784985814405,0.0,-0.0044043784985814405,-0.013320701584836737,70.4,8.5,93.8,0.8709677419354839,False,True,True,1.596021777113225,1.1372653530339993,-0.02772361294003911,1.2324960583395308
2026-06-23,2026-06-24,环保,空仓,环保,卖出,68.0,-0.007366191243002751,-0.0029749153978346765,-0.0029749153978346765,0.0,-0.0036203625985394695,51.5,0.0,100.0,0.16129032258064516,False,True,True,1.5912737473532115,1.1331480400852603,0.004804258092167446,1.238417287501373
2026-06-24,,空仓,空仓,,空仓,,,0.0,0.0,0.0,-0.002835399915887907,0.0,0.0,0.0,0.3548387096774194,False,True,False,1.5912737473532115,1.129935112227714,0.015594515093805716,1.257729804583743
2026-06-25,,空仓,空仓,,空仓,,,0.0,0.0,0.0,-0.023245628732970453,0.0,0.0,0.0,0.22580645161290322,False,True,False,1.5912737473532115,1.103669060116521,-0.030254950893641053,1.2196772511085932
2026-06-26,,空仓,空仓,,空仓,,,0.0,0.0,0.0,0.002233101744643364,0.0,0.0,0.0,0.06451612903225806,False,False,False,1.5912737473532115,1.106133665420176,0.012057792774606613,1.2343838666543625
2026-06-29,,空仓,空仓,,空仓,,,0.0,0.0,0.0,0.005108894456283658,0.0,0.0,0.0,0.5161290322580645,False,False,False,1.5912737473532115,1.1117847855713499,0.010658177794811152,1.2475401493722111
2026-06-30,,空仓,空仓,,空仓,,,0.0,0.0,0.0,0.01662882974978044,0.0,0.0,0.0,0.6129032258064516,False,False,False,1.5912737473532115,1.1302724654890122,-0.004108098251547232,1.2424151318658403
2026-07-01,2026-07-02,空仓,综合,综合,买入,69.0,,0.010163402890667417,0.0,0.010163402890667417,-0.009840490414507099,82.1,41.3,0.0,0.8387096774193549,True,True,True,1.6074465035569043,1.1191500301265862,-0.029578882902858927,1.2056658801636406
2026-07-02,2026-07-03,综合,综合,综合,持有,69.0,,-0.00936833358546485,-0.00023239956940290796,-0.009138057696735813,0.007414167192285922,64.7,100.0,44.1,0.3870967741935484,False,False,True,1.592387408490794,1.1274475955631964,0.006208678767680276,1.2131514723147292
2026-07-03,2026-07-06,综合,家用电器,家用电器,换仓,69.0,0.005175827534428024,0.005589414056817343,0.004472842036305158,0.0011116000092632472,-0.0035932555827263273,86.9,11.0,100.0,0.7096774193548387,True,True,True,1.6012879210557114,1.1233963881962077,-3.634731031987304e-05,1.2131073775217
2026-07-06,2026-07-07,家用电器,空仓,家用电器,卖出,70.0,-0.0033035362775294397,-0.0044102338707810995,-0.0044102338707810995,0.0,-0.02085587713447589,51.8,78.6,100.0,0.3225806451612903,False,True,True,1.594225866829399,1.0999669711506737,-0.010271792760135345,1.200646589944006
2026-07-07,,空仓,空仓,,空仓,,,0.0,0.0,0.0,-0.01085835319241398,0.0,0.0,0.0,0.03225806451612903,False,True,False,1.594225866829399,1.0880231412779298,-0.007664021708536195,1.1914448084143952
2026-07-08,,空仓,空仓,,空仓,,,0.0,0.0,0.0,0.006022673928585014,0.0,0.0,0.0,0.1935483870967742,False,False,False,1.594225866829399,1.0945759498846015,0.025397568390631786,1.221704609419763
2026-07-09,,空仓,空仓,,空仓,,,0.0,0.0,0.0,0.0021811829234191136,0.0,0.0,0.0,0.5483870967741935,False,False,False,1.594225866829399,1.096963420254875,-0.019589800736946272,1.197771659561821
2026-07-10,,空仓,空仓,,空仓,,,0.0,0.0,0.0,-0.026692283521990857,0.0,0.0,0.0,0.6774193548387096,False,True,False,1.594225866829399,1.067682961628179,-0.017864004399481326,1.1763746613658346
2026-07-13,,空仓,空仓,,空仓,,,0.0,0.0,0.0,0.01661374755022657,0.0,0.0,0.0,0.12903225806451613,False,False,False,1.594225866829399,1.085421176816348,0.02153583637351386,1.201708873586957
2026-07-14,2026-07-15,空仓,交通运输,交通运输,买入,71.0,,0.015273663617298316,0.0,0.015273663617298316,0.005388594835563266,74.1,7.7,100.0,0.9032258064516129,True,True,True,1.618575536449347,1.0912700717641515,-0.002026268309905488,1.1992738889786756
2026-07-15,2026-07-16,交通运输,交通运输,交通运输,持有,71.0,,-0.010333075749469955,-0.005186352018070495,-0.00517355561198829,-0.010161212654136501,74.1,0.0,100.0,0.6129032258064516,False,False,True,1.601850672824977,1.0801814445018612,-0.018456863409304747,1.1771390546194505
2026-07-16,2026-07-17,交通运输,空仓,交通运输,卖出,71.0,0.0032337720467312536,-0.0015416186996346504,-0.0015416186996346504,0.0,-0.03619554826018865,38.2,2.3,100.0,0.3225806451612903,False,True,True,1.5993812298737278,1.0410836848976337,-0.036041583217081286,1.134713099424307
2026-07-17,,空仓,空仓,,空仓,,,0.0,0.0,0.0,-0.0007293926799712216,0.0,0.0,0.0,0.0967741935483871,False,True,False,1.5993812298737278,1.040324326078632,0.015284731276112407,1.1520568842244923
2026-07-20,,空仓,空仓,,空仓,,,0.0,0.0,0.0,0.012865453015050892,0.0,0.0,0.0,0.4838709677419355,False,False,False,1.5993812298737278,1.053708569816211,0.03064335873875912,1.1873597766152404
2026-07-21,,空仓,空仓,,空仓,,,0.0,0.0,0.0,-0.0021912104267104546,0.0,0.0,0.0,0.6774193548387096,False,True,False,1.5993812298737278,1.0513996726113155,-0.004638940216013299,1.1818516855966235
2026-07-22,,空仓,空仓,,空仓,,,0.0,0.0,0.0,0.010621573876165222,0.0,0.0,0.0,0.41935483870967744,False,False,False,1.5993812298737278,1.0625671919073325,0.0022805689082434633,1.1845469798049502
2026-07-23,2026-07-24,空仓,钢铁,钢铁,买入,72.0,,-0.02313584564476079,0.0,-0.02313584564476079,-0.025586684414601817,81.0,4.7,100.0,0.7419354838709677,False,True,True,1.5623781926122415,1.03537962049869,-0.01666877467500738,1.164802033106621
2026-07-24,2026-07-27,钢铁,空仓,钢铁,卖出,72.0,-0.02314961424958817,-1.4094697574851267e-05,-1.4094697574851267e-05,0.0,0.022436256004636262,33.6,5.7,83.3,0.03225806451612903,False,False,True,1.5623561713641192,1.0586096627261818,0.011450376753420421,1.1781394552288418
2026-07-27,2026-07-28,空仓,纺织服饰,纺织服饰,买入,73.0,,0.013435135892406969,0.0,0.013435135892406969,-0.010460075783736702,76.9,8.6,100.0,0.9354838709677419,True,True,True,1.5833466388387367,1.04753652542867,-0.028262639696686742,1.1448421242932583
2026-07-28,2026-07-29,纺织服饰,纺织服饰,纺织服饰,持有,73.0,,0.012420685937046372,-0.001651944317726195,0.014095915922984759,0.01277960948928251,65.2,0.0,92.8,0.3870967741935484,True,False,True,1.6030128901692307,1.060923633149408,0.006726740027843681,1.1525431796363033
2026-07-29,2026-07-30,纺织服饰,家用电器,家用电器,换仓,73.0,0.02126646119361153,0.007545600458898072,-0.004635603345280792,0.01223793401202422,-0.00786752241533063,86.9,0.0,100.0,0.9354838709677419,True,True,True,1.615108584968911,1.0525767926846512,-0.010986765536612708,1.139880457950817
2026-07-30,2026-07-31,家用电器,家用电器,家用电器,持有,74.0,,0.0013303885876640997,-0.008929020057463655,0.01035184043601256,0.015722979345977935,69.9,11.7,100.0,0.3870967741935484,True,False,True,1.617257306998192,1.0691264358560877,0.008457003947273778,1.1495204314831273
2026-07-31,2026-08-03,家用电器,传媒,传媒,换仓,74.0,0.012034488618039685,0.005710695649563391,-0.0015293397152759125,0.007251124797973185,0.002487781957737306,88.9,27.8,61.2,0.8709677419354839,True,True,True,1.6264929712654912,1.0717861893137506,-0.009811915225303336,1.1382414344596608
2026-08-03,2026-08-04,传媒,交通运输,交通运输,换仓,75.0,0.013191805355348807,-0.010473779284806528,0.005897914046576247,-0.016275700647913616,0.009333417754378483,88.6,14.6,100.0,0.7741935483870968,False,False,True,1.6094574428761672,1.0817896175619892,0.012711806580985252,1.1527105394169752
2026-08-04,2026-08-05,交通运输,交通运输,交通运输,持有,76.0,,0.005478216653394874,0.0015542401013135532,0.00391788721465991,0.011962671457700465,27.5,28.7,100.0,0.5483870967741935,True,False,True,1.6182743994426618,1.0947307113432345,0.012437702812037266,1.1670476105345466
2026-08-05,2026-08-06,交通运输,基础化工,基础化工,换仓,76.0,-0.014057788411172556,0.01147840517222698,-0.0032060456861509046,0.014731681301664912,0.0012761492792072225,82.1,11.4,25.8,0.8387096774193549,True,True,True,1.636849608679307,1.0961277511514413,-0.0014694659153674516,1.165332673849255
2026-08-06,2026-08-07,基础化工,基础化工,基础化工,持有,77.0,,0.012284123076355735,0.0009935179294258134,0.011279398861927525,0.0060923001472889945,77.5,27.0,45.9,0.4838709677419355,True,True,True,1.6569568707298084,1.102805690411229,0.00927201154061752,1.176137651849844
2026-08-07,2026-08-10,基础化工,基础化工,基础化工,持有,77.0,,0.01681236778164652,0.0031106182296802842,0.013659260806298201,0.011504585736611435,78.9,43.3,65.6,0.5483870967741935,True,True,True,1.684814239038844,1.115493013027388,0.0016163812612668416,1.1780387387109645
2026-08-10,2026-08-11,基础化工,轻工制造,轻工制造,换仓,77.0,0.039865361134372224,-0.007632696909134484,-0.004405138357624683,-0.003241839302169036,-0.00675607038701351,75.2,0.0,100.0,0.9032258064516129,False,False,True,1.6719545626040666,1.107956663715153,-0.008131815547767651,1.1684591449796422
2026-08-11,2026-08-12,轻工制造,空仓,轻工制造,卖出,78.0,-0.0034137188527992857,-0.00017243856875970298,-0.00017243856875970298,0.0,0.007645983230164264,42.4,0.0,84.5,0.1935483870967742,False,False,True,1.67166625315226,1.1164280817856678,0.005816729701749956,1.1752557559935266
2026-08-12,2026-08-13,空仓,房地产,房地产,买入,79.0,,-0.024109366265182675,0.0,-0.024109366265182675,-0.009355358792732863,87.9,30.7,97.7,0.8064516129032258,False,False,True,1.6313634391818665,1.1059834965142803,-0.005748556199351884,1.168499732231586
2026-08-13,2026-08-14,房地产,空仓,房地产,卖出,79.0,-0.024434619098439803,-0.00033328820055622543,-0.00033328820055622543,0.0,-5.167433044790536e-05,38.6,41.6,86.4,0.22580645161290322,False,False,True,1.6308197249967684,1.1059263455576114,0.0004138122375212383,1.1689832717203237
2026-08-14,,空仓,空仓,,空仓,,,0.0,0.0,0.0,0.012671342701894732,0.0,0.0,0.0,0.45161290322580644,False,False,False,1.6308197249967684,1.119939917285226,0.016120642596539225,1.1878280332450601
2026-08-17,2026-08-18,空仓,基础化工,基础化工,买入,80.0,,0.0019403139617069076,0.0,0.0019403139617069076,-0.0012362656098428982,91.8,25.0,52.9,0.8387096774193549,True,True,True,1.6339840272782067,1.118555374080396,-0.0032239367338530167,1.183998550815181
2026-08-18,2026-08-19,基础化工,基础化工,基础化工,持有,80.0,,-0.03389647735442125,-0.01258986340762036,-0.021578281564266222,-0.02913909375548545,61.2,55.6,85.2,0.3548387096774194,False,False,True,1.5785977247000849,1.0859616841643653,-0.029014478567173874,1.149645450238989
2026-08-19,2026-08-20,基础化工,空仓,基础化工,卖出,80.0,-0.02692129348261607,0.005269375302302981,0.005269375302302981,0.0,0.007530693573064122,42.0,46.3,75.3,0.0967741935483871,True,False,True,1.5869159485628912,1.0941397288398957,0.0008834753923552263,1.1506611337042083
2026-08-20,2026-08-21,空仓,家用电器,家用电器,买入,81.0,,-0.004951539847719899,0.0,-0.004951539847719899,-0.0005978915542713323,80.4,25.3,100.0,0.7741935483870968,False,False,True,1.5790582710085999,1.0934855519368296,0.0056926677914090895,1.1572114652788725
2026-08-21,2026-08-24,家用电器,家用电器,家用电器,持有,81.0,,0.0022398635105027598,-0.0011059471755809902,0.003349515072817999,-0.008086232135305998,17.4,63.2,100.0,0.5161290322580645,True,True,True,1.5825951460107897,1.0846433739272652,-0.012073883472343172,1.143239428894236
2026-08-24,2026-08-25,家用电器,空仓,家用电器,卖出,81.0,-0.0011943995417212916,0.0015325403192987253,0.0015325403192987253,0.0,0.007211059951069026,59.5,19.2,100.0,0.3225806451612903,True,False,True,1.5850205368811776,1.0924648023221846,-0.002431227533443159,1.1404599537173905
2026-08-25,2026-08-26,空仓,家用电器,家用电器,买入,82.0,,0.0012290007419946125,0.0,0.0012290007419946125,0.005176001065290713,82.3,40.7,100.0,0.7741935483870968,True,False,True,1.5869685282970813,1.0981194013027968,0.008515096441302328,1.1501710802107372
2026-08-26,2026-08-27,家用电器,钢铁,钢铁,换仓,82.0,-0.012147581165735999,-0.012464196787590143,-0.013360162258401864,0.0009080978048308097,0.010362781333573963,76.9,0.0,100.0,0.7741935483870968,False,False,True,1.5671882402646742,1.1094989725366529,0.008600473033421041,1.1600630955699105
2026-08-27,2026-08-28,钢铁,基础化工,基础化工,换仓,83.0,-0.0005169863740372982,0.01230678417015807,-0.0014237912371710681,0.013750152754330447,0.002240539325891411,90.3,3.3,74.0,0.7096774193548387,True,True,True,1.5864752876916213,1.1119848486166575,-0.0045571787607945335,1.1547764806695977
2026-08-28,2026-08-31,基础化工,基础化工,基础化工,持有,84.0,,-0.0012835910188810917,-0.007201503698974543,0.005960839689163944,0.003302290504332176,82.9,13.9,100.0,0.6129032258064516,False,False,True,1.5844389022606635,1.1156569456232057,0.003451810041316783,1.1587625497210494
2026-08-31,2026-09-01,基础化工,基础化工,基础化工,持有,84.0,,-0.005724350506384757,-0.00016093449295584428,-0.005564311503079344,0.0018426160187671754,73.8,50.5,61.5,0.5161290322580645,False,False,True,1.575369018628172,1.1177126729826599,-0.0029506478368180877,1.1553434495103292
2026-09-01,2026-09-02,基础化工,基础化工,基础化工,持有,84.0,,-0.017415798536956073,-0.005350406675868835,-0.012130293866370101,-0.011632744203660726,46.1,60.8,59.7,0.6129032258064516,False,False,True,1.5479327091783814,1.1047106073646626,-0.01376641868210482,1.1394385078627427
2026-09-02,2026-09-03,基础化工,空仓,基础化工,卖出,84.0,-0.007171532929307389,0.003747606267974435,0.003747606267974435,0.0,5.837205191417197e-05,42.5,24.3,61.4,0.0967741935483871,True,True,True,1.553733751501701,1.104775091589586,0.001016280720173901,1.1405964972501073
2026-09-03,,空仓,空仓,,空仓,,,0.0,0.0,0.0,0.0005541369311236556,0.0,0.0,0.0,0.3870967741935484,False,False,False,1.553733751501701,1.1053872882684213,-0.000994601300845277,1.1394620584902027
2026-09-04,,空仓,空仓,,空仓,,,0.0,0.0,0.0,0.004524106045827884,0.0,0.0,0.0,0.4838709677419355,False,False,False,1.553733751501701,1.1103881775822577,0.005931113334064708,1.1462203370989748
2026-09-07,,空仓,空仓,,空仓,,,0.0,0.0,0.0,0.00651694877133904,0.0,0.0,0.0,0.5483870967741935,False,False,False,1.553733751501701,1.1176245204518618,-0.0035601991248127574,1.1421395644579924
2026-09-08,2026-09-09,空仓,石油石化,石油石化,买入,85.0,,0.0038525541525080698,0.0,0.0038525541525080698,0.00022975933184507793,88.1,28.3,12.2,0.7096774193548387,True,True,True,1.5597195949179408,1.1178813051149343,0.0030409738484578064,1.145612781004798
2026-09-09,2026-09-10,石油石化,石油石化,石油石化,持有,85.0,,-0.015340628112528232,0.007511858079165323,-0.022682101464554627,-0.00910734853019857,58.7,94.9,0.0,0.5161290322580645,False,False,True,1.5357925166524815,1.1077003704538593,-0.005294580763896994,1.1395472416116155
2026-09-10,2026-09-11,石油石化,空仓,石油石化,卖出,85.0,-0.0024331920963207576,0.009220452640402499,0.009220452640402499,0.0,-0.01670059288607314,40.8,61.7,0.0,0.12903225806451613,True,True,True,1.5499532188177603,1.089201117527157,-0.008406271230257834,1.129967898418936
2026-09-11,,空仓,空仓,,空仓,,,0.0,0.0,0.0,-0.001662719296700645,0.0,0.0,0.0,0.06451612903225806,False,True,False,1.5499532188177603,1.0873900818110567,-0.0066678417927972244,1.122433451241339
2026-09-14,,空仓,空仓,,空仓,,,0.0,0.0,0.0,-0.010447443286780654,0.0,0.0,0.0,0.5161290322580645,False,True,False,1.5499532188177603,1.076029635600728,-0.006705680833742345,1.1149067707601987
2026-09-15,,空仓,空仓,,空仓,,,0.0,0.0,0.0,0.006932186968183382,0.0,0.0,0.0,0.06451612903225806,False,False,False,1.5499532188177603,1.0834888742180184,0.006792747930129295,1.1224800514195672
2026-09-16,,空仓,空仓,,空仓,,,0.0,0.0,0.0,-0.0010353653789938143,0.0,0.0,0.0,0.6774193548387096,False,True,False,1.5499532188177603,1.0823670673491281,-0.004489017175087762,1.1174412191900513
2026-09-17,,空仓,空仓,,空仓,,,0.0,0.0,0.0,0.010779761113240123,0.0,0.0,0.0,0.5161290322580645,False,False,False,1.5499532188177603,1.09403472577199,0.010590885161637642,1.1292759108173736
2026-09-18,2026-09-21,空仓,电力设备,电力设备,买入,86.0,,-0.003545555330883632,0.0,-0.003545555330883632,0.013045304757796266,86.7,6.7,100.0,0.8709677419354839,False,False,True,1.5444577739201608,1.1083067421852977,0.007137607037813742,1.1373362385060573
2026-09-21,2026-09-22,电力设备,建筑材料,建筑材料,换仓,86.0,0.0007948737614960066,-0.00865508147791072,0.004355873081404171,-0.012954526286979129,4.218165198706604e-05,92.7,0.0,100.0,0.8709677419354839,False,False,True,1.531090366047689,1.1083534923945915,0.0011064936836455708,1.1385946938701454
2026-09-22,2026-09-23,建筑材料,建筑材料,建筑材料,持有,87.0,,-0.0031630468427568115,-0.004715551485761416,0.0015598602442972176,-0.0068617975891692,47.4,0.0,100.0,0.45161290322580644,False,True,True,1.5262474554993866,1.100748195072531,-0.006009125579919172,1.13175273537005
2026-09-23,2026-09-24,建筑材料,空仓,建筑材料,卖出,87.0,-0.021806759395253783,-0.00582378874574252,-0.00582378874574252,0.0,-0.012818391272134935,42.6,25.7,98.8,0.1935483870967742,False,True,True,1.517358912744831,1.086638374015995,-0.017296917015969915,1.1121769022237573
2026-09-24,,空仓,空仓,,空仓,,,0.0,0.0,0.0,-0.019730824301885348,0.0,0.0,0.0,0.12903225806451613,False,True,False,1.517358912744831,1.065198103178599,-0.022163957736216378,1.0875266603676739
2026-09-28,,空仓,空仓,,空仓,,,0.0,0.0,0.0,0.0035175897450327436,0.0,0.0,0.0,0.12903225806451613,False,False,False,1.517358912744831,1.0689450331027686,0.001026088779255696,1.0886425592710185
2026-09-29,2026-09-30,空仓,汽车,汽车,买入,88.0,0.004654507712932521,0.004654507712932521,0.0,0.004654507712932521,0.003668108268203017,76.3,0.0,100.0,0.7096774193548387,True,True,True,1.5244214715074889,1.0728660392169473,0.0028553287077783818,1.0917509916230144
