板块名称,对应ETF,数据日期,开盘价,最高价,最低价,收盘价,成交额,涨跌幅,中位涨幅,上涨占比,成分股覆盖数,微观标签,动态水位,趋势加速度,资金流向,金额流向,上影线诱多率,fund_raw,第1层_真实趋势,第2层_真假资金,第3层_异动干预,第4层_诱多诱空,第5层_博弈反身,第6层_中期确认,综合博弈得分,信号状态,逃顶风险分,入场共振分,三维共振信号,动态水位_3d,市场环境,market_heat,终极信号,交易指引
农林牧渔,农业ETF华夏(516810),2026-09-28（申万current）,2537.49,2550.55,2507.44,2538.76,246.5734,0.0240332525658582,-0.742,31.06796116504854,103,结构正常,0.23407521015325225,-1.658615695399701,-0.06192932425798414,-0.0814949349418996,9.330163843119053,1.6096774193548389,93.54838709677419,64.51612903225806,4.838709677419355,95.16129032258064,98.38709677419355,90.32258064516128,61.5,震荡观察,91.4,0.0,🔴 终极逃顶（高风险）,47.63544813686281,震荡市,0.027,🛑 崩盘前夕,【宏观否决】中期风险显著抬升，优先控制仓位和回撤。
医药生物,医药ETF易方达(512010),2026-09-28（申万current）,7839.12,7874.39,7732.26,7773.49,1024.095,-0.4390498183220126,-0.396,35.833333333333336,480,结构正常,56.835349372017966,-2.5533322313471647,-0.20729337742848475,-0.21237540156357046,33.22014129157804,1.7258064516129032,83.87096774193549,79.03225806451613,80.64516129032258,41.93548387096774,98.38709677419355,93.54838709677419,60.2,震荡观察,100.0,26.2,🔴 终极逃顶（高风险）,44.769311917545124,震荡市,0.027,🛑 崩盘前夕,【宏观否决】中期风险显著抬升，优先控制仓位和回撤。
煤炭,煤炭ETF国泰(515220),2026-09-28（申万current）,3321.04,3349.5,3290.53,3344.46,101.6684,-0.024213292200625514,-0.766,30.303030303030305,33,结构正常,22.43120166821356,-1.1943165595279228,-0.018715930457104794,-0.0060833823062777775,18.729610900197827,1.5580645161290323,98.38709677419355,54.83870967741935,16.129032258064516,95.16129032258064,87.09677419354838,64.51612903225806,58.2,震荡观察,97.3,0.0,🔴 终极逃顶（高风险）,61.784309262831584,震荡市,0.027,🛑 崩盘前夕,【宏观否决】中期风险显著抬升，优先控制仓位和回撤。
公用事业,电力ETF广发(159611),2026-09-28（申万current）,2427.61,2439.25,2420.85,2432.69,301.76849999999996,0.12017598373508243,-0.318,41.605839416058394,137,结构正常,4.1548092749743475,-0.3268235656154713,0.0261752124402654,-0.009945307423319373,25.834675253284807,1.5064516129032257,90.32258064516128,45.16129032258064,35.483870967741936,77.41935483870968,93.54838709677419,80.64516129032258,56.6,震荡观察,13.9,100.0,🟢 低位共振（可重仓潜伏）,14.376248536099872,震荡市,0.027,🌱 底仓潜伏,低位资金结构较好，但日内确认不足，适合分批观察。
计算机,计算机ETF天弘(159998),2026-09-28（申万current）,4301.83,4303.54,4167.69,4193.95,779.446,-2.5369964119057786,-1.7694999999999999,13.77245508982036,334,结构正常,0.0,-3.437976712192977,-0.09840629323157286,-0.12726848585107034,3.0188199431873675,1.8677419354838711,22.58064516129032,98.38709677419355,48.38709677419355,80.64516129032258,64.51612903225806,12.903225806451612,49.2,震荡观察,9.7,44.6,⚪ 安全持仓,2.0091180011405982,震荡市,0.027,☕ 稳健持有,无明显系统性风险，板块处于正常蓄势震荡。
电力设备,暂无精确ETF｜新能源ETF南方(516160),2026-09-28（申万current）,8335.05,8340.76,8110.89,8162.06,1233.3379,-2.512535204875055,-2.486,12.401055408970976,379,结构正常,0.0,-2.227984539375523,-0.016984115526934324,-0.0417092293957697,0.8398903180467414,1.8419354838709678,16.129032258064516,93.54838709677419,64.51612903225806,70.96774193548387,77.41935483870968,4.838709677419355,48.8,震荡观察,33.9,92.4,🔴 终极逃顶（高风险）,0.0,震荡市,0.027,🛑 崩盘前夕,【宏观否决】中期风险显著抬升，优先控制仓位和回撤。
汽车,汽车ETF国泰(516110),2026-09-28（申万current）,6283.18,6295.1,6186.17,6216.83,584.2078,-1.2767518416827661,-1.495,18.96551724137931,290,结构正常,10.215964724064264,-1.5799583868912521,0.04756346739649371,0.018996095841844078,24.052208877672545,1.570967741935484,61.29032258064516,59.67741935483871,98.38709677419355,35.483870967741936,74.19354838709677,38.70967741935484,47.6,震荡观察,19.2,100.0,🟢 低位共振（可重仓潜伏）,7.221807915613826,震荡市,0.027,🌱 底仓潜伏,低位资金结构较好，但日内确认不足，适合分批观察。
电子,电子ETF天弘(159997),2026-09-28（申万current）,8751.47,8751.47,8310.69,8348.96,4627.0083,-4.976115873014075,-4.753,3.4343434343434343,495,结构正常,4.4990805632374915,-3.914458959690755,-0.06388913393189921,-0.11590415717909072,16.029707216258306,1.7774193548387098,35.483870967741936,90.32258064516128,70.96774193548387,32.25806451612904,90.32258064516128,35.483870967741936,47.5,震荡观察,42.8,10.6,⚪ 安全持仓,18.655673304114185,震荡市,0.027,☕ 稳健持有,无明显系统性风险，板块处于正常蓄势震荡。
交通运输,交通运输ETF华夏(159666),2026-09-28（申万current）,2069.63,2069.63,2046.12,2058.89,205.21779999999998,-0.4679561242791008,-0.7785,25.396825396825395,126,结构正常,0.0,-0.7106746602336937,0.006900905327873112,-0.03439469975395816,27.081152223407035,1.4290322580645163,77.41935483870968,30.64516129032258,51.61290322580645,51.61290322580645,67.74193548387096,83.87096774193549,46.1,震荡观察,19.2,85.9,🟢 低位共振（可重仓潜伏）,57.18880864200282,震荡市,0.027,🌱 底仓潜伏,低位资金结构较好，但日内确认不足，适合分批观察。
商贸零售,暂无精确ETF｜消费ETF汇添富(159928),2026-09-28（申万current）,1765.54,1772.45,1730.29,1741.03,139.526,-1.3317994026737945,-1.012,21.21212121212121,99,结构正常,0.0,-2.4292666058236954,-0.12373455300981571,-0.16185804182858402,13.42264114581139,1.570967741935484,70.96774193548387,59.67741935483871,9.67741935483871,87.09677419354838,32.25806451612903,61.29032258064516,45.3,震荡观察,61.9,8.1,🟡 预警（观察减持）,31.862009856302258,震荡市,0.027,⚖️ 控仓观望,多空高位激烈博弈，方向不明，保持低仓位观望。
国防军工,军工ETF国泰(512660),2026-09-28（申万current）,1657.59,1657.64,1607.36,1615.31,446.9645,-2.6382091279504305,-2.898,7.2992700729927,137,结构正常,0.0,-2.5680916052865115,0.06279490968750265,-0.026643898093743765,6.804958946379602,1.7129032258064516,19.35483870967742,74.19354838709677,54.83870967741935,61.29032258064516,51.61290322580645,70.96774193548387,44.9,震荡观察,37.4,56.8,⚪ 安全持仓,29.21710818401889,震荡市,0.027,☕ 稳健持有,无明显系统性风险，板块处于正常蓄势震荡。
机械设备,机械ETF国泰(516960),2026-09-28（申万current）,2172.21,2172.45,2083.4,2095.51,1438.0537,-3.716688108803523,-2.388,10.905730129390019,541,结构正常,0.0,-2.320482051272954,0.01757244377588467,0.00537731449712512,18.735981279715862,1.8677419354838711,25.806451612903224,98.38709677419355,87.09677419354838,25.80645161290323,70.96774193548387,22.58064516129032,44.2,震荡观察,47.2,56.9,⚪ 安全持仓,19.087985968982117,震荡市,0.027,☕ 稳健持有,无明显系统性风险，板块处于正常蓄势震荡。
有色金属,有色金属ETF南方(512400),2026-09-28（申万current）,7580.4,7580.4,7356.07,7393.31,731.1138000000001,-3.821607164228802,-3.799,2.857142857142857,140,结构正常,0.0,-3.237243085299102,0.0038745643442704126,-0.05463288378951942,0.0,1.7645161290322582,32.25806451612903,87.09677419354838,12.903225806451612,83.87096774193549,58.06451612903226,4.838709677419355,43.8,震荡观察,40.3,0.0,⚪ 安全持仓,10.792870019931723,震荡市,0.027,☕ 稳健持有,无明显系统性风险，板块处于正常蓄势震荡。
房地产,房地产ETF南方(512200),2026-09-28（申万current）,1936.67,1938.67,1903.82,1917.03,188.7912,-1.1524301580917662,-0.366,32.631578947368425,95,结构正常,60.78927653000472,-3.8212733648277304,-0.26686416981362326,-0.262999779040846,39.45317868851638,1.5193548387096774,74.19354838709677,48.38709677419355,83.87096774193549,19.354838709677423,45.16129032258064,98.38709677419355,43.1,震荡观察,100.0,16.7,🔴 终极逃顶（高风险）,72.00706394483547,震荡市,0.027,🛑 崩盘前夕,【宏观否决】中期风险显著抬升，优先控制仓位和回撤。
通信,通信ETF国泰(515880),2026-09-28（申万current）,7312.53,7315.71,6810.8,6840.93,1392.8645000000001,-7.39243618189227,-4.676500000000001,4.918032786885246,122,结构正常,0.0,-4.7650765931010985,-0.07171887204746512,-0.03260637263237542,5.004685440601006,1.7258064516129032,12.903225806451612,79.03225806451613,61.29032258064516,54.83870967741936,54.83870967741935,48.38709677419355,42.9,震荡观察,37.0,0.0,⚪ 安全持仓,24.857045090050324,震荡市,0.027,☕ 稳健持有,无明显系统性风险，板块处于正常蓄势震荡。
食品饮料,食品饮料ETF华夏(515170),2026-09-28（申万current）,13443.48,13483.56,13359.6,13430.62,242.43740000000003,-0.20774851433063013,-0.10750000000000001,46.72131147540984,122,结构正常,0.0,-0.8159762891488528,-0.021704060218348982,-0.03797322996435451,44.839705536583516,1.4419354838709677,80.64516129032258,37.096774193548384,77.41935483870968,16.129032258064512,80.64516129032258,41.935483870967744,41.4,画线骗炮(规避),95.6,100.0,🔴 终极逃顶（高风险）,27.848410161285226,震荡市,0.027,🛑 崩盘前夕,【宏观否决】中期风险显著抬升，优先控制仓位和回撤。
银行,银行ETF华宝(512800),2026-09-28（申万current）,4140.37,4174.13,4119.87,4130.68,264.8182,-0.22849468858541222,-0.28300000000000003,28.57142857142857,42,结构正常,16.784638427826582,-0.1375595557435494,0.13665074037612085,0.14407843968963496,51.141048389448684,1.261290322580645,87.09677419354838,12.903225806451612,74.19354838709677,6.451612903225808,83.87096774193549,98.38709677419355,41.2,画线骗炮(规避),100.0,100.0,🔴 终极逃顶（高风险）,74.90519335995901,震荡市,0.027,🛑 崩盘前夕,【宏观否决】中期风险显著抬升，优先控制仓位和回撤。
基础化工,化工ETF鹏华(159870),2026-09-28（申万current）,4228.7,4228.7,4099.04,4115.63,859.2017,-2.960947465463859,-2.241,8.75912408759124,411,结构正常,0.0,-2.3543323398761493,-0.09162078967452185,-0.11216602081994262,13.504614485999547,1.738709677419355,29.03225806451613,83.87096774193549,38.70967741935484,45.16129032258065,61.29032258064516,19.35483870967742,39.4,震荡观察,0.0,34.1,⚪ 安全持仓,20.251470289974655,震荡市,0.027,☕ 稳健持有,无明显系统性风险，板块处于正常蓄势震荡。
综合,暂无精确ETF｜中证1000ETF南方(512100),2026-09-28（申万current）,4159.99,4161.04,4038.96,4063.8,31.2448,-2.759199925342948,-1.1015000000000001,25.0,20,结构正常,0.0,-2.379823835329694,-0.12787128944959197,-0.10687036981206903,6.111754543238687,1.5451612903225806,45.16129032258064,51.61290322580645,41.935483870967744,74.19354838709677,4.838709677419355,45.16129032258064,36.9,震荡观察,82.2,11.1,🟠 高位能量耗尽（大幅减仓）,42.86941296946161,震荡市,0.027,⚠️ 强弩之末,大周期上涨动能走弱，逢高降低暴露，等待结构修复。
传媒,传媒ETF广发(512980),2026-09-28（申万current）,674.11,674.11,654.48,656.23,330.70489999999995,-2.504865619753671,-2.2645,8.461538461538462,130,结构正常,0.0,-3.2954143956874127,-0.19823048139314947,-0.25828677876014405,17.03880914271366,1.4419354838709677,58.06451612903226,37.096774193548384,4.838709677419355,64.51612903225806,35.483870967741936,58.06451612903226,35.6,震荡观察,100.0,0.0,🔴 终极逃顶（高风险）,42.14298354236292,震荡市,0.027,🛑 崩盘前夕,【宏观否决】中期风险显著抬升，优先控制仓位和回撤。
非银金融,证券保险ETF易方达(512070),2026-09-28（申万current）,1696.6,1700.3,1667.55,1669.97,279.2539,-1.831723619006198,-1.581,5.063291139240507,79,结构正常,0.0,-2.2483817647105315,-0.05644306874554264,-0.035237562443028544,3.7659033077730975,1.1580645161290324,48.38709677419355,9.67741935483871,19.35483870967742,90.3225806451613,41.935483870967744,16.129032258064516,35.1,震荡观察,0.0,64.4,⚪ 安全持仓,0.0,震荡市,0.027,☕ 稳健持有,无明显系统性风险，板块处于正常蓄势震荡。
轻工制造,暂无精确ETF｜家居家电ETF华泰柏瑞(512430),2026-09-28（申万current）,2103.43,2103.43,2049.61,2058.4,171.6827,-2.1049527741051732,-1.4835,19.871794871794872,156,结构正常,23.264743297580623,-2.3314186464874154,-0.09536779862271043,-0.09480112983566186,24.627908211650045,1.4290322580645163,41.935483870967744,30.64516129032258,67.74193548387096,22.58064516129032,25.806451612903224,74.19354838709677,31.0,震荡观察,65.4,53.8,🟡 预警（观察减持）,67.50198056928866,震荡市,0.027,⚖️ 控仓观望,多空高位激烈博弈，方向不明，保持低仓位观望。
家用电器,家电ETF国泰(159996),2026-09-28（申万current）,8480.12,8498.37,8369.44,8398.17,189.6536,-1.0661269668864493,-0.948,25.806451612903224,93,结构正常,1.599463927282702,-0.377591718776471,0.11144722797093716,-0.02592983858130203,41.27762025485377,1.3,64.51612903225806,19.35483870967742,93.54838709677419,1.6129032258064484,48.38709677419355,29.03225806451613,30.1,画线骗炮(规避),1.0,100.0,🟢 低位共振（可重仓潜伏）,8.109181141419157,震荡市,0.027,🎣 暴力洗盘,低位资金结构仍在，若后续缩量企稳，可分批观察低吸机会。
环保,环保ETF广发(512580),2026-09-28（申万current）,1888.47,1888.47,1833.67,1843.06,119.8372,-2.5016531330176894,-1.6435,11.538461538461538,130,结构正常,0.0,-2.207170289038481,-0.04922160270663689,-0.07165058028668556,6.153076537961415,1.4935483870967743,9.67741935483871,41.935483870967744,58.06451612903226,58.064516129032256,16.129032258064516,25.806451612903224,30.1,震荡观察,20.9,50.2,⚪ 安全持仓,36.877775180973416,震荡市,0.027,☕ 稳健持有,无明显系统性风险，板块处于正常蓄势震荡。
纺织服饰,暂无精确ETF｜消费ETF汇添富(159928),2026-09-28（申万current）,1527.28,1527.28,1491.27,1494.95,114.1161,-2.0385830177057196,-1.3860000000000001,8.49056603773585,106,结构正常,16.166023785609735,-1.683820933411125,-0.010728817595090314,-0.0028150386653481075,19.766763847243958,1.1387096774193548,51.61290322580645,4.838709677419355,90.32258064516128,29.032258064516128,19.35483870967742,54.83870967741935,29.8,震荡观察,82.7,63.5,🟠 高位能量耗尽（大幅减仓）,58.027639467239,震荡市,0.027,⚠️ 强弩之末,大周期上涨动能走弱，逢高降低暴露，等待结构修复。
石油石化,石油ETF鹏华(159697),2026-09-28（申万current）,2679.16,2717.09,2667.47,2709.67,130.0589,0.8474450109791976,-0.619,36.17021276595745,47,权重掩护(失真),24.404261169964215,-0.57549419479338,-0.018472096794387882,-0.0018022296977775914,33.29045995367212,1.6612903225806452,98.38709677419355,69.35483870967742,22.58064516129032,67.74193548387098,38.70967741935484,67.74193548387096,29.2,指数失真(防骗),100.0,0.0,🔴 终极逃顶（高风险）,66.32391815651329,震荡市,0.027,🦊 诱多陷阱,【微观否决】指数强于成分股广度，追高胜率下降，等待确认。
美容护理,暂无精确ETF｜消费服务ETF工银(516600),2026-09-28（申万current）,3483.87,3505.78,3422.54,3426.15,38.5638,-1.4519807974964216,-0.859,25.0,28,结构正常,45.15418483075995,-2.374643823606992,-0.11016280249138086,-0.10777654116309146,46.82671241301446,1.1387096774193548,67.74193548387096,4.838709677419355,98.38709677419355,1.6129032258064484,4.838709677419355,87.09677419354838,27.3,画线骗炮(规避),100.0,68.6,🔴 终极逃顶（高风险）,51.62806997035416,震荡市,0.027,🛑 崩盘前夕,【宏观否决】中期风险显著抬升，优先控制仓位和回撤。
钢铁,钢铁ETF国泰(515210),2026-09-28（申万current）,2114.08,2114.08,2074.78,2085.77,55.6777,-1.5472846994406653,-1.3165,4.545454545454546,44,结构正常,0.0,-1.3099682500355019,-0.15079871184162563,-0.15279781012266108,20.206909642552983,1.4161290322580644,54.83870967741935,24.193548387096776,32.25806451612903,48.38709677419355,9.67741935483871,9.67741935483871,25.5,震荡观察,0.0,94.5,🟢 低位共振（可重仓潜伏）,10.4165566759389,震荡市,0.027,🌱 底仓潜伏,低位资金结构较好，但日内确认不足，适合分批观察。
建筑材料,建材ETF国泰(159745),2026-09-28（申万current）,5970.16,5970.16,5711.35,5738.93,274.2833,-4.498239378024504,-1.504,12.5,72,结构正常,0.0,-3.06420691093305,-0.08375777732358432,-0.19900684277442177,24.17649995497692,1.6612903225806452,4.838709677419355,69.35483870967742,45.16129032258064,9.677419354838719,22.58064516129032,51.61290322580645,25.0,震荡观察,2.4,37.3,⚪ 安全持仓,14.214273073423863,震荡市,0.027,☕ 稳健持有,无明显系统性风险，板块处于正常蓄势震荡。
社会服务,旅游ETF富国(159766),2026-09-28（申万current）,7439.76,7441.17,7215.32,7241.56,111.34530000000001,-2.7994179959517362,-1.7799999999999998,8.536585365853659,82,结构正常,4.929739240858951,-2.0975490987840684,-0.1726434030329766,-0.1408700405910511,28.003332905675382,1.4161290322580644,38.70967741935484,24.193548387096776,29.03225806451613,12.903225806451616,12.903225806451612,77.41935483870968,21.8,震荡观察,13.1,11.0,⚪ 安全持仓,60.992411983676384,震荡市,0.027,☕ 稳健持有,无明显系统性风险，板块处于正常蓄势震荡。
建筑装饰,基建ETF广发(516970),2026-09-28（申万current）,1921.08,1921.09,1876.44,1882.25,191.2755,-2.2416004902851894,-1.667,11.564625850340136,147,结构正常,0.0,-1.679408784635043,-0.11503495939876367,-0.1550925311500782,14.475567928111484,1.2870967741935484,4.838709677419355,16.129032258064516,25.806451612903224,38.70967741935484,29.03225806451613,32.25806451612903,20.6,震荡观察,0.0,64.5,⚪ 安全持仓,15.952515545415766,震荡市,0.027,☕ 稳健持有,无明显系统性风险，板块处于正常蓄势震荡。
